supplier_name_original,abn,acn,match_method
"Performance Potential,",,,
QNEEYAA Family Trust T,,,
Resonance Design and Architecture Pty Ltd,,,
HG Leadership Pty Ltdtrading as HardyGroup,,,
Rilec Electrical Pty Ltd,,,
Sentify (formerly IntegrationQA),,,
Institute of Managers and Leaders (IML National),,,
Contact: Maritsa Pavone,,,
Grant Thornton Australia Ltd,,,
email: lee.hamilton@global.ntt,,,
myP3 Pty Ltd,,,
a Ampion),,,
Codify Pty Ltd,,,
Elabor8,,,
King & Wood Mallesons,,,
Ampol Australia Petroleum Pty Ltd,,,
Venant Solutions Pty Ltd,,,
a Taleb Medical,,,
"Grevillea Consultants,",,,
Penumbra Neuro Aust P,,,
Deloitte Consulting Pty Ltd,,,
Eniax Pty Ltd T,,,
SoftEd,,,
www.rnlconstructions.com.au,,,
Living Trails,,,
Aurora Technologies Pty Ltd,,,
Cherie Twitchin (Office Administration),,,
"Evergreen Electrical Services Pty Ltd, ABN: 22 166 668 300, 6",22166668300.0,,extracted_from_name
Telephone: 07 3344 1577,,,
Global BPO Seek Pty Ltd t,,,
Paul Hartmann Pty Ltd,,,
Group GSA Pty Ltd,,,
Blackbook Professional Services,,,
Charter Keck Cramer,,,
Achieve Group Australia Pty Ltd,,,
Athenian,,,
Graduate School of Motoring,,,
Stryker Australia Pty Ltd,,,
Corrs Chambers Westgarth,,,
Uplinx Advanced Services,,,
School Locker,,,
ZETTA 1 Pty Ltd,,,
Phone: 1800 685 877,,,
Bridge 42 Pty Ltd,,,
Bunzl Safety,,,
CONTACT: Cameron Steindl (Branch Manager),,,
Argyle Probity & Governance Advisers,,,
ARQ Group Enterprise Pty Ltd (formerly Melbourne IT),,,
Elysium Digital Pty Ltd,,,
Kiss Software Pty  Ltd,,,
Aspect Studios Pty Ltd,,,
Ground Creations,,,
MILLAIR CLIMATE CONTROL AND ELECTRICAL PTY LTD,,,
"For contact information relating to these suppliers, see the contact info document",,,
2. ACT Logistics Ltd                                 Category 2,,,
Moduplay Group Pty Ltd,,,
Parabellum Cybersecurity Pty Ltd,,,
Shade'n Net (Australia) Pty Ltd,,,
Expose Data Pty Ltd,,,
Mun (Australia) Pty Ltd,,,
• Global Fleet Maintenance,,,
Tychon Group,,,
Edwards Lifesciences Pty Limited,,,
• Welcome to the Fold Pty Ltd (formerly Lime),,,
Lindores Personnel No.1 Pty Ltd,,,
Digital Sense Hosting Pty Ltd T,,,
"TAFE Queensland,",,,
"Strategium (formerly Picks Group),",,,
BAS Technologies Pty Ltd (formerly Simon Smith t,,,
Data Driven Analytics,,,
Mobile:  0428 936 528,,,
TELUS Health (previously LifeWorks),,,
Thomson Geer,,,
"Hare & Forbes Pty Ltd, ABN: 96 000 286 957, 625 - 626 Boundary Road, Coopers Plains QLD 4108, Contact: Peter Dixon, Phone: (07) 3715 2200, Email: sales@machineryhouse.com.au, Machinery Category: Part A and Part B",96000286957.0,,extracted_from_name
TT Project Services Turner & Townsend Project Management Pty Ltd,,,
Contact: Joseph Wallace,,,
Cyber Future Pty Ltd,,,
Serko,,,
PROTOCOOL PTY. LTD,,,
The APP Corporation Pty Ltd,,,
Easyweb Digital Pty Ltd – ABN 79145583099,79145583099.0,,extracted_from_name
Email: office@kayhan.biz,,,
TORRES STRAIT ISLAND REGIONAL COUNCIL,,,
Wavelength International Pty Ltd,,,
Contact: Glenn Searle,,,
Outpost Consulting,,,
Lack Group Personnel Pty Ltd,,,
SecureCo Pty Ltd – ABN 93151002327,93151002327.0,,extracted_from_name
a Costs Down Revenue Up),,,
WANDAL QLD 4700,,,
Dhanush Infotech Pvt Limited,,,
Construction Project Management Pty Ltd (CPM),,,
James Anthony Group Pty Ltd,,,
3,,,
02 8088 9800,,,
SHAILER PARK  QLD  4128,,,
Unify Solutions Pty Ltd,,,
"Automation Partners Pty Ltd, t",,,
TELUS Health (previously LifeWorks and Benestar),,,
Sonos For Sonos Pty Ltd,,,
Range Refrigeration & Automations Pty Ltd,,,
Step Consultancy,,,
W9 Pty Ltd,,,
a CDM),,,
STAFFORD DC QLD 4053,,,
www.bobjane.com.au,,,
Dialysaid Nursing Agency (Australia) Pty Ltd,,,
Ansell Limited (dist. by CH2),,,
"BDO (Qld) Pty Ltd, ABN 45 134 252 434",45134252434.0,,extracted_from_name
Tbuild Qld PTY LTD,,,
Davidson Group (Aust),,,
MBS-Recruitment,,,
• Orima Research,,,
• The Social Deck (The Trustee For The Social Deck Trust),,,
A Telestar Communications – ABN 65080361388,65080361388.0,,extracted_from_name
• The Social Research Centre (SRC),,,
Healthcare Australia Pty Ltd,,,
• Iscariot Media Pty Ltd,,,
• Alcon Laboratories (Australia) Pty Ltd,,,
Smartnet Pty Ltd,,,
ENS Interactive,,,
Write Well Pty Ltd,,,
Alan Bartlett Consulting Pty Ltd,,,
PricewaterhouseCoopers (PWC),,,
Olympus Australia Pty Ltd,,,
Barpa Constructions Services,,,
• Gilimbaa Pty Ltd,,,
AMPCONTROL (QLD) PTY LIMITED,,,
NSK Oceania Pty Ltd,,,
Procensol Australia Pty Ltd (aka Appian),,,
Belgravia Apparel (AUS) Pty Ltd (previously Bizwear),,,
Heimdall Consulting Pty Ltd,,,
Email: sales@indigitech.com.au,,,
Technology Partners International (ISG),,,
Cyconsol Pty Ltd - ABN 95630287544,95630287544.0,,extracted_from_name
Cadence Australia Pty Ltd (EY),,,
Cevo (NSW) Pty Ltd,,,
Fujifilm Business Innovation Australia (formerly Fuji Xerox Australia),,,
Qantas Airways Ltd,,,
Virgin Australia,,,
JAMES CONSTRUCTION QUEENSLAND PTY LTD,,,
VAN EERDE AIR CONDITIONING & REFRIGERATION PTY LTD,,,
Agco Australia Limited,,,
Artificial Intelligence Australia Pty Ltd,,,
Over the Wire Pty Ltd – ABN 28 115 387 258,28115387258.0,,extracted_from_name
Reformabit Pty Ltd,,,
Edge Project Management Pty Ltd,,,
TechnologyOne,,,
Queensland Quantity Surveying,,,
Knight Frank Townsville,,,
"Campfire Digital Services, ABN 82 055 882 115",82055882115.0,,extracted_from_name
Gilmore Resources Pty Ltd,,,
Red Dirt Haulage & Earthworks,,,
Medela Australia Pty Ltd,,,
Glass and Co,,,
Zelda Recruitment Pty Ltd,,,
MPK Consulting Australia Pty Ltd,,,
a Siller Systems Administration),,,
Lima Orthopaedics Australia Pty Ltd,,,
Shape Consulting,,,
ALPHACOOL CAIRNS PTY LTD,,,
IntegrationQA Pty Ltd,,,
a MM Electrical (i3infrasolutions),,,
GSA Management Consulting,,,
Readify Pty Ltd (Telstra Purple),,,
as Hollister Pty Ltd,,,
JPS Medical Recruitment Pty Ltd,,,
Email: anthony_weller@data3.com.au,,,
Fleet Driver Training,,,
Dialog Pty Ltd,,,
• 89 Degrees East,,,
E & E IT Solutions Pty Ltd,,,
Designs for Vision (Paragon Care Group Pty Ltd),,,
a CMI Electrical Products,,,
VivaEnergy (Shell),,,
GWI Pty Ltd (formerly known as  Glentworth Consulting Pty Ltd),,,
Link Enterprise Solutions Pty Ltd,,,
TPG Architects Pty Ltd,,,
Infosec Services Pty Ltd,,,
The Corporate Clothing Company,,,
Telephone: 07 3552 8300,,,
Dialog Information Technology,,,
• Kantar Public,,,
"Laerdal Pty Ltd, Mediquip Pty Ltd",,,
U&U Recruitment Partners,,,
Civil Safety,,,
WSP Australia,,,
Contact: Sam Innes,,,
SSS Australia,,,
Unisys Australia Pty Ltd,,,
Schemalogic Australia Pty Ltd,,,
Email: admin@tbsnq.com.au,,,
JMC Architects,,,
www.iadesign.com,,,
Marsh Pty Ltd,,,
Other Music,,,
Trailworx,,,
DOB Enterprises Pty Ltd,,,
Nestlé Health Science,,,
ENERGYPRO ELECTRICAL SOLUTIONS PTY LTD,,,
SGQ Pty Ltd,,,
Manpower Services (Australia) Pty Ltd,,,
Locum Life Recruitment Pty Ltd,,,
Cairns Ever Cool Pty Ltd,,,
PO Box 4691,,,
Tara & District Family Support Committee Inc,,,
uPaged Pty Ltd,,,
Mitke Pty Ltd t,,,
- Hanrick Curran,,,
Concentrix Catalyst Pty Ltd,,,
S Thomas Health Care Pty Ltd,,,
Fuse Recruitment Brisbane Pty Ltd,,,
AI4SUSTAINABILITY Pty Ltd,,,
Amazon Web Services (AWS),,,
TSS Cyber (a CyberCX company),,,
Adsorb Pty Ltd,,,
Resilience Logistic Solutions Pty Ltd,,,
Encode Services Pty Ltd,,,
• Single Use Dental Instruments Pty Ltd,,,
SWIFT ENERGY GROUP PTY LTD,,,
Stuart Rothwell & Associates Pty Ltd,,,
Johnstaff Advisory (Formerly Carramar Consulting),,,
H & G CONTRACTORS PTY. LTD.,,,
Professional Recruitment Australia Pty Ltd (PRA),,,
DJAS ARCHITECTURE PTY LTD (Formerly known as Daryl Jackson Alastair Swayn Pty Ltd),,,
Strategic Directorships Pty Ltd,,,
Mura Connect Pty Ltd,,,
Johnson & Johnson Medical P,,,
Lohmann & Rauscher Pty Ltd,,,
BOWEN HILLS  QLD  4007,,,
H Consultancy Services,,,
FIREUP Coaching Pty Ltd,,,
- Medtronic Australasia Pty Ltd,,,
TSA Management Pty Limited,,,
Rowen Trading Pty Ltd,,,
8. **Left Blank**,,,
Blugibbon Pty Ltd,,,
"WHITE, ANTHONY CHARLES",,,
Group 2 – Employee Health Services,,,
Deicke Richards Architects Pty Ltd,,,
EMC Global Holdings,,,
ASI Solutions,,,
Aliva,,,
Teleflex Medical Australia Pty Ltd,,,
Hudson Global Resources (Aust),,,
ConnellGriffin,,,
a AgileXperts),,,
Interim CFO Pty Ltd (t,,,
Adventure Playgrounds Pty Ltd t,,,
Simply for Strings,,,
J1-LED Intelligent Transport Systems Pty Ltd,,,
Surge Media Pty Ltd,,,
Email: glenn@abouttech.com.au,,,
Acache Pty Ltd,,,
Group 3 – Workplace Interventions,,,
IQ Medical Pty Ltd,,,
"Corporate Training Solutions [CTS] Training Pty Ltd,",,,
Marrawah Law,,,
Ikara Group Pty Ltd,,,
Arivu Trust,,,
Cognizant Technology Solutions Pty Ltd,,,
Renwick's Lanscape Construction,,,
AMENTCO ENTERPRISE GROUP PTY LTD,,,
"NCC Group Pty Ltd, ABN 83 119 804 803",83119804803.0,,extracted_from_name
Homepage.aspx,,,
InterWorks Aus Pty Ltd,,,
Total Traction Architecture,,,
Informotion,,,
Australian Paint Company Pty Ltd,,,
Sol-Millennium,,,
• Australian Electric Motor Co.,,,
Mantel Operations Ltd (previously AginicDS),,,
Thermo Fisher Scientific Australia Pty Ltd,,,
J. Hutchinson Pty Ltd,,,
Welch Allyn Australia Pty Ltd,,,
Alpha Lifecare Pty Ltd,,,
SONCIN ELECTRICAL PTY. LTD.,,,
GARBUTT QLD 4814,,,
DWS Ltd,,,
ABN: 39 010 315 625,39010315625.0,,extracted_from_name
Just Percussion,,,
"Archersfield Consulting & Management Pty Ltd,",,,
Injurynet Australia Pty Ltd ABN: 37 105 352 501,37105352501.0,,extracted_from_name
• Schottler Consulting,,,
ICU Medical,,,
Evocare Australia Pty Ltd,,,
ABN: 54 010 300 286,54010300286.0,,extracted_from_name
Kinnect Pty Ltd ABN: 31 114 691 860,31114691860.0,,extracted_from_name
ABN:  85 000 059 665,85000059665.0,,extracted_from_name
LatStudios,,,
Bard Australia Pty Limited,,,
Techbite Pty Ltd,,,
Nectar Creative Communications,,,
McCullough Robertson Lawyers,,,
Email: Rosemary@timeandaccess.com.au,,,
Kippa-Ring   Qld   4021,,,
Assertiv Consulting Pty Ltd,,,
CSA,,,
Baxter Healthcare Pty Ltd,,,
SwitchCase Pty Ltd,,,
Alpha Vital Pty Ltd (Alpha First Aid),,,
"NTT Australia Pty Ltd, ABN 65 003 371 239",65003371239.0,,extracted_from_name
M.A ACQUASANTA & S ACQUASANTA Business Name: Locks Direct,,,
Step Consultancy Pty Ltd,,,
Detmold Medical Pty Ltd,,,
AAM Pty Ltd,,,
Kingston Building Australia Pty Ltd,,,
Johnstaff Projects (Qld) Pty Ltd,,,
Bentleys (Qld) Pty Ltd,,,
THAWILL ENTERPRISES PTY LTD,,,
Hays Specialist Recruitment (Australia) Pty Ltd,,,
Mindray Medical,,,
• Engine Group,,,
Whitely Medical,,,
Bridge42 Pty Ltd (formerly NS Projects Pty Ltd),,,
Thermo Fisher Scientific Australia,,,
Position Promo Pty Ltd,,,
Bartlem Construction Services Ply Ltd,,,
Ridgemill Pty Ltd,,,
Bennett and Bennett Group,,,
Queensland X-Ray (QXR),,,
a Oasis Landscaping,,,
Technocrat Pty Ltd,,,
The Trustee for Gaskell Family Trust T,,,
Workwear Hub,,,
a Pcubed),,,
LSI Consulting Pty Ltd,,,
www.uniquebuilding.com.au,,,
Facsimile: 07 3344 1588,,,
Email: rod.okeeffe@bfx.com.au,,,
a Adventure Plus Playgrounds,,,
Gr8 People Pty Ltd,,,
Castine Pty Ltd ATF Hess Family Trust t,,,
Cornerstone Medical Recruitment,,,
L.A.F. Technologies Pty. Ltd.,,,
Williams Architects Pty Ltd,,,
Helix legal Pty Ltd,,,
NORTHERN CONSTRUCTION COMPANY PTY LTD,,,
Alpenglow Australia Pty Ltd,,,
Roche Diabetes Care Australia Pty Ltd,,,
Redwood Security Pty Ltd,,,
Effective People Pty Ltd,,,
ACIL Allen Consulting Pty Ltd,,,
NEXTDC,,,
Eagle & Stork Plumbing Pty Ltd,,,
Peak State Global (previously Alpha Transform),,,
Pacifica Pty Limited,,,
As Bitzios Consulting,,,
Supplier Details:,,,
Randstad Pty Ltd,,,
Big Green Surgical Company Pty Ltd,,,
"Dale Carnegie Australia,",,,
Endless Sunsets Pty Ltd trading as CPEM Consulting Group,,,
Bridgestone Australia Ltd,,,
dwp Australia Pty Ltd,,,
COBiE Pty Ltd,,,
Pivotel Satellite Pty Ltd – ABN 81099917398,81099917398.0,,extracted_from_name
Chalmers ESR Pty Ltd,,,
CloudGo Pty Ltd,,,
"Rowland,",,,
Ajilon Australia Pty Ltd,,,
Pulse DC,,,
BigDataCausality Pty Ltd,,,
Findex (Aust) Pty Ltd,,,
a Gothics Holding Pty Ltd),,,
Randstad Pty Limited,,,
Windsor Group,,,
Willplay Pty Ltd,,,
a Pandanus Consulting),,,
Ph: 1800310300,,,
"41-55 Platinum Street, Crestmead Qld 4132",,,
Queensland Computers Pty Ltd,,,
Driver Safety Australia,,,
Lowcock Builders Pty Ltd,,,
Accenture Australia Pty Ltd - ABN 49096776895,49096776895.0,,extracted_from_name
The Trustee for DJ Trust (All Is Light),,,
COSOL Australia Pty Ltd,,,
P MALOBERTI & L.J MALOBERTI,,,
"Altus Group Consulting Pty Ltd (Previously known as, Altus Group Qld Pty Ltd)",,,
Schoolzine,,,
Supplier Details:	NTT Contact - Lee Hamilton,,,
Open Architecture Studio,,,
Tesserent Cyber Services,,,
"PSG Eyewear (Essilor Australia Pty Ltd, previously Prescription Safety Glasses Pty Ltd)",,,
a Citadel People,,,
2inspire International,,,
MGM One Construction Services Pty Ltd Atf Moscos Family Trust,,,
Louis Gravestein (Contract Manager),,,
Supplier Details:	Flick Anticimex Pty Ltd,,,
Strive Occupational Rehabilitation,,,
Gripfast Consulting Pty Ltd,,,
Hive.net.au,,,
141 – 149 Logan Road,,,
Motor School,,,
Teleflex Australia Pty Ltd,,,
• Dentsply Sirona Pty Ltd,,,
Bio-Excel (Aust) P,,,
• Multigate Medical Products Pty Ltd,,,
Strategic Momentum Group,,,
Australian Red Cross,,,
Landmark Products Pty Ltd,,,
Bluerydge Unit Trust T,,,
Computer One,,,
RCP,,,
Email: stuart.aird@bfx.com.au,,,
Aspirante Pty Ltd (formerly Ambitor and Beyond Technology),,,
Betabuild Pty Ltd,,,
Conrad Gargett,,,
Sekuro Pty Ltd,,,
Towill Design Group Pty Ltd,,,
Nilsen (Qld) Pty Ltd,,,
Lisle Health Collaborative MBMpl Pty Ltd,,,
Damar Industries Pty Limited,,,
Isentia Group Limited (Isentia),,,
The Capworks Group,,,
or,,,
ELVERY'S ELECTRICAL SERVICE PTY LTD,,,
One Bright Cloud Pty Ltd (t,,,
Velrada Capital Pty Ltd (t,,,
Borchi Group Pty Ltd,,,
Austek Constructions Pty Ltd t,,,
EVIDENT AUSTRALIA PTY LTD,,,
Ignite Limited,,,
Mycar Tyre & Auto Service,,,
"THOMPSON, JEFFREY PETER",,,
SEMZ Property Advisory & Project Management Pty Ltd,,,
Karlka Recruiting Group Pty Ltd,,,
Donald Cant Watts Croke (LQD) Pty Ltd,,,
3D Mind Solutions,,,
Lifehealthcare Distribution Pty Limited,,,
Bitzios Consulting Pty Ltd ATF The Bitzios Family Trust T,,,
Arthrex Australia Pty Ltd,,,
Contact:  Benjamin Hogg,,,
NTT Australia Pty Ltd - ABN 65003371239,65003371239.0,,extracted_from_name
Medimobile,,,
Contact:  Ken Hobl,,,
TONY STEPHENS REFRIGERATION PTY LTD,,,
The Turner Group Pty Ltd,,,
Gamma Gurus Pty Ltd,,,
Mobile: 0403577495,,,
Global Sourcing Services Pty Ltd,,,
Telephone: 1300 667 084,,,
Phone:   07 3489 5028,,,
"Evexia,",,,
CETEC PTY. LTD.,,,
Arup Australia Pty Limited,,,
WEBBEC PTY LTD,,,
BDO Services Pty Ltd,,,
Amal Group,,,
Dykman Consulting Pty Ltd,,,
Hill-Rom Pty Ltd,,,
a Strategic Project Partners Pty Ltd),,,
Comprara Group Pty Ltd,,,
Symbion Pty Ltd,,,
Protech Personnel Pty Ltd,,,
26 Brandl St,,,
Nexxt Group,,,
CONTACT: Ian Furber,,,
TOOEASY CARPENTRY & MAINTENANCE PTY LTD,,,
a Intelligent Traffic Systems (iTS),,,
Remondis Australia Pty Ltd,,,
Report Simple,,,
Office Telephone: 0417 453 165,,,
• Hyundai,,,
Terumo Corporation,,,
Fax: 07 3892 3109,,,
Struddys,,,
ACM Recruitment Pty Ltd,,,
"Contact Person: Rod O’Keeffe – State Sales Manager, Queensland",,,
Your Trades,,,
SYPAQ,,,
Reveur Pty Ltd,,,
Abacus dx Pty Ltd,,,
Pitt & Sherry (Operations) Pty Ltd,,,
Adobe Licensing Centres,,,
"Aserve Pty Ltd, ABN: 51 638 301 881, 7 Welch Street, Underwood Qld 4119, Contact: Cameron Stanfield, M. 0459 033 623 P. 1300 953 165 Email: aserveqld.tenders@aserve.com.au",51638301881.0,,extracted_from_name
Helmsman Services Pty Ltd,,,
Email address: hospital@ch2.net.au,,,
ABN 29 084 736 069,29084736069.0,,extracted_from_name
Key Data Consulting Pty Ltd,,,
Designtek Pty Ltd,,,
Aither Pty Ltd,,,
The University of Queensland (Institute for Social Science Research),,,
System Air Pty Ltd,,,
Tekoi Consulting Pty Ltd - ABN 63642127991,63642127991.0,,extracted_from_name
• Sprout Strategy (Sprout Research),,,
Acceler Project Management,,,
ABN: 24 078 961 136,24078961136.0,,extracted_from_name
Decision Point Consulting Unit Trust (t,,,
LAB3 Pty Ltd,,,
Email:  betabuild@betabuild.com.au,,,
Top Office Group Pty Ltd,,,
Telephone:  07 3356 5777,,,
Advanced Sterilization Products Australia Pty Ltd,,,
Colliers Valuation & Advisory Services,,,
Construction Project Management Pty Ltd,,,
Glen Fisk Pty Ltd,,,
"South Pacific Welding Group Pty Ltd, ABN: 46 078 830 878, 7 Westgate Street, Wacol QLD 4076, Contact: Chris Garland, Phone: (07) 3718 0800, Mobile: 0455 083 865, Email: chris.garland@spwgroup.com.au, Machinery Category: Part A",46078830878.0,,extracted_from_name
Lawrence & Hanson Group Pty Ltd (L&H),,,
TSA Management Pty Ltd,,,
Hayes Information Systems,,,
Phone: 1300 720 274,,,
Adapt Education,,,
Easec,,,
• Lonergan Research,,,
Grid Statistical Services,,,
ID-PLATE Pty Ltd T,,,
Tactiv,,,
Fujitsu Australia Ltd - ABN 19001011427,19001011427.0,,extracted_from_name
Turner & Townsend Project Management Pty Ltd,,,
Procurement Solutions Pty Ltd,,,
FiveP Australia,,,
Email: phil@qld.directnational.com.au,,,
Group 1 – Employee Assistance Services,,,
* Smartrak,,,
AHP Medical Pty Ltd,,,
a Lighthouse HQ),,,
Indigenous Contractors Australia Pty Ltd,,,
WHF PMM Pty Ltd,,,
Telmead Pty Ltd (trading as Medical Accessories of Australia),,,
Thinkstorm Pty Ltd,,,
Simpatico Safety Training and Consultancy (Cooper Cole Pty Ltd),,,
Velocity Partners,,,
A.G.Coombs,,,
Veolia Environmental Services (Australia) Pty Ltd,,,
National Workforce Pty Ltd,,,
"Bungalow, CAIRNS  QLD  4870",,,
"Refer to the HSQ101256 Grocery, Dairy and Beverage Award File",,,
Mobile: 0413 202 478,,,
ARA FIRE PROTECTION SERVICES PTY LIMITED,,,
Baseline Projects Pty Ltd,,,
• Cardinal Health Australia 503 Pty Ltd,,,
Aalto Pty Ltd,,,
NetApp Australia Pty Ltd (t,,,
NTT Australia Digital Pty Ltd,,,
PO Box 714,,,
EBOS Group Australia Pty Ltd,,,
Advance Vision Technology (Aust) Pty Ltd,,,
C5 Technology Pty Ltd,,,
Board Associates,,,
Project Strategies Australia Pty Ltd,,,
Alliance Surgical Pty Ltd,,,
Bard Australia Pty Ltd,,,
Sebel Pty Ltd (formerly Sebel Furniture Pty Ltd),,,
Aldridge Traffic Systems Pty Limited T,,,
Contact: Elizabeth McKellar,,,
WyldLynx Pty Ltd,,,
A MNF Enterprise Services – ABN 73109671285,73109671285.0,,extracted_from_name
CBRE (GCS) Pty Limited,,,
Mooloolaba Music,,,
ACT Logistics,,,
Project Delivery Managers Pty Ltd,,,
SDFC Australia Pty Ltd t,,,
Carers Plus Australia Pty Ltd,,,
Cyient (formerly Infotech Enterprises Ltd),,,
FNQ Stonework,,,
Infosys,,,
Redwolf+Rosch,,,
Opal Holdings (QLD) Pty Ltd,,,
Ducidium Pty Ltd,,,
Rider Levett Bucknall QLD Pty Ltd,,,
Clicks IT Recruitment,,,
Dell Australia Pty Ltd,,,
Comunity Support Centre Innisfail Inc,,,
Resilience Outcomes Australia Pty Ltd,,,
CORE DEVELOPMENTS NQ PTY LTD,,,
Jaspa Herington Pty Ltd,,,
Sekuro Operations Pty Ltd,,,
Fresenius Kabi Australia Pty Ltd,,,
Mobile Tyre Shop,,,
PM Solutions (Australia) Pty Ltd (Belmar trust),,,
Rapid Circle Pty Ltd (formerly Adopt & Embrace),,,
Savills Project Management Pty Ltd,,,
Pty Ltd Deloitte Touche Tohmatsu,,,
Hutchinson Builders_Hutchies,,,
Turner & Townsend Project Management Pty Ltd) (Previously known as Turner & Townsend Thinc Pty Ltd),,,
KPMG,,,
Cube Cybersecurity Pty Ltd,,,
A Vertel – ABN 90086050946,90086050946.0,,extracted_from_name
ABN: 31 169 153 468,31169153468.0,,extracted_from_name
Advanced Personnel Management (APM),,,
BDO (QLD) Pty Ltd,,,
ABN: 29 075 871 813,29075871813.0,,extracted_from_name
"Michael E Ostdick, Landscape Architect",,,
Privacy 108 Consulting Pty Ltd,,,
Abacus DX Pty Ltd InstrumeC PtyLtd,,,
SALISBURY  QLD  4107,,,
Max Stocks,,,
Orion Satellite Systems Pty Ltd – ABN 26103918832,26103918832.0,,extracted_from_name
Aware Services Pty Ltd,,,
DWF (Australia),,,
Generation-e Productivity Solutions Pty Ltd – ABN 25163718714,25163718714.0,,extracted_from_name
ProQuest LLC,,,
Turnitin LLC,,,
Formula Interiors Pty Ltd,,,
Datacom Systems Pty Ltd - ABN 63011044349,63011044349.0,,extracted_from_name
"TPL Connect, ABN: 14 136 958 711, 123",14136958711.0,,extracted_from_name
Talenza QLD Pty Ltd,,,
Care Essentials Pty Ltd,,,
Speedcast Australia Pty Ltd – ABN 28159524553,28159524553.0,,extracted_from_name
Reid Healthcare Pty Ltd,,,
H & S COMMUNICATIONS PTY LTD,,,
153 Burnside Road,,,
Encompass Safety (SLLIC PTY LTD),,,
Ernst and Young,,,
Logicalis Australia Pty Ltd,,,
TAFE Queensland,,,
Mobile: 0423 320 330,,,
"Cerno Australia,",,,
Tridant Pty Ltd,,,
Human Synergistics PTY LTD,,,
Australian Medical Supplies Pty Ltd,,,
Code Zeno,,,
Woods Bagot Pty Ltd,,,
CONTACT: Matthew Spoljarevic,,,
Planit Test Management Pty Ltd,,,
Fresh Tracks (Fresh Trx Pty Ltd),,,
ATOM,,,
Ockham Consulting,,,
• Becton Dickinson Pty Ltd,,,
LAKE AIR SYSTEMS PTY LIMITED,,,
SEQ ELECTRICAL CONTRACTORS PTY LTD,,,
Black & More,,,
Genesis IT&T Pty Ltd,,,
Open Declare Pty Ltd,,,
Contact: Tony Weller,,,
• Stryker Australia Pty Ltd,,,
Capworks Management (Queensland) Pty Ltd,,,
Nous,,,
Verifact Pty Ltd,,,
The Information Management Group Pty Ltd,,,
FHR Investments (QLD) Pty Ltd t,,,
THE FITOUT DEPT. PTY LTD,,,
WHF Property & Mine Maintenance Pty Ltd,,,
CMP CORP PTY LTD,,,
Probuild Industries Australia Pty Ltd,,,
Facet Consulting Pty Ltd,,,
ArcBlue Consulting (Aus) Pty Ltd,,,
For Generic Procedure Packs:,,,
Maxima Training Group (Aust) Ltd,,,
Tech For Good Australia,,,
Thelem Consulting Pty Ltd (CBRE),,,
SafetyQuip Sunshine Coast,,,
Accord Consultancy,,,
Merit Solutions - Recruitment,,,
Nectar Healthcare Pty Ltd,,,
"ISG Information Services Group Americas, Inc - ABN 85108959360",85108959360.0,,extracted_from_name
CorCyber Pty Ltd,,,
Infrastructure Design & Innovation Pty Ltd,,,
Chinchilla Family Support Centre Inc,,,
ERS Queensland,,,
Chrome Consulting Pty Ltd,,,
Revolution Surgical Pty Ltd,,,
Alliance Leasing Pty Ltd,,,
Chandler Macleod Group Pty Ltd,,,
Traffic Control Supplies Pty Ltd (TCS),,,
LifeHealthcare Distribution Pty Ltd,,,
"IPS,",,,
Play Force Pty Ltd,,,
www.brandons.com.au,,,
RICHARDSON'S BUILDING SERVICE,,,
Kiah Consulting Pty Ltd,,,
Sonata Australia Pty Ltd,,,
FK Gardner & Sons Pty Ltd,,,
KPI SERVICES (QLD) PTY LTD,,,
Nutricia Australia Pty Ltd,,,
Allectum Pty Ltd,,,
Bickerton Masters Architecture Pty Ltd,,,
GROUP CCTV PTY LTD,,,
Zeep Medical Pty Ltd,,,
Computec Aust Pty Ltd,,,
Content Security Pty Ltd,,,
Mobile: 0404 852 797,,,
Rehab Management,,,
Complete Urban Pty Ltd,,,
TE & MK GUNN,,,
Paul Ziukelis Architects,,,
B Braun Australia Pty Ltd,,,
Gravity Consulting Services Pty Ltd,,,
Dr Oncall Pty Ltd,,,
ICT360 Pty Ltd,,,
EVSE Australia Pty Ltd,,,
"PD Training,",,,
Integration Works Australia,,,
• Coloplast Pty Ltd,,,
A Vocus Communications – ABN 78127842853,78127842853.0,,extracted_from_name
BGIS Pty Ltd,,,
Husqvanna Aust Pty Ltd,,,
Email: claims@rizon.com.au,,,
ABN: 62 086 537 279,62086537279.0,,extracted_from_name
Integrum Management Systems Pty Ltd,,,
Datacom Systems (Australia) Pty Ltd,,,
PMCi,,,
Future Music,,,
QITC,,,
GOBI Library Solutions,,,
Complete Office Supplies,,,
Mobile: 0487 020 237,,,
HBAYCC Pty Ltd,,,
Cook Medical Australia Pty Ltd,,,
Glo Digital,,,
• IPS Management Consultants (Indigenous Professional Services),,,
Group 10 Consulting Pty Ltd,,,
GHD Advisory,,,
"RioT Solutions, ABN 73 606 466 102",73606466102.0,,extracted_from_name
ESRI Australia Pty Ltd,,,
TechForce Services Pty Ltd,,,
Telephone: (07) 3421 3200,,,
Navicle Pty Ltd (t,,,
1ICT Pty Ltd - www.1ict.com.au,,,
Pragma Partners Pty Ltd,,,
Multhana Property Services Pty Ltd (Indigenous Business),,,
Comprara Pty ltd,,,
Ikaria Australia Pty Ltd,,,
AEV Practice Trust T,,,
P2E,,,
Davidson HR Consulting Pty Ltd,,,
Ecomed Trading Pty Ltd,,,
Nurse at Call.Com Pty Ltd,,,
Queensland Teachers' Union of Employees (QUEST),,,
Turner and Townsend Project Management Pty Ltd,,,
PeakXD (the Trustee for The Peak Usability Trust),,,
Marvel Engineers Pty Ltd ATF Marvel Engineers Trust,,,
Aegis9 (QLD) Pty Ltd - ABN 81644491663,81644491663.0,,extracted_from_name
"Centre for Leadership and Adaptive Development,",,,
Pivotpoint Partners Pty Ltd,,,
Telephone: 1300 910 915 or 0413221621,,,
The Trustee For The Orthotic & Prosthetic Centre Unit Trust (OPC Health),,,
Applied Satellite Technology Australia Pty Ltd – ABN 33065247412,33065247412.0,,extracted_from_name
Integrated Enterprise Solutions Pty Ltd,,,
Kookaburra Educational Resources,,,
Work Rehab,,,
Diversey Australia Pty Ltd,,,
Email:  ben@cardiffair.net.au,,,
Haz-Elec Industries Pty Ltd,,,
Clinical Knowledge Management Pty Ltd,,,
Vocus Pty Ltd T,,,
Fergus Builders Pty Ltd,,,
Roadrunner Couriers Australia,,,
Flavour Creations,,,
"a AccessHQ, ABN 13 069 942 552",13069942552.0,,extracted_from_name
Hawkijac Pty Ltd,,,
Landauer Australasia Pty Ltd,,,
Redd Digital Services Pty Ltd (formerly 6YS),,,
GMH ELECTRICAL CONTRACTING PTY LTD,,,
• Fairmont Medical Products Pty Ltd,,,
Working Mouse Pty Ltd,,,
CEI Pty Limited t,,,
Paddington Qld 4064,,,
COATING.WIDEBAY PTY LTD,,,
SEAGRANGE PTY LTD,,,
Jardine Constructions Pty Ltd,,,
Finite Group APAC Pty Ltd,,,
Skillsoft Asia Pacific Pty Ltd,,,
The Trustee for Mcnicol Family Trust (Advanced Clinical Sciences),,,
A_Space Australia Pty Ltd,,,
Infoshield Consulting Pty Ltd,,,
a PeakXD),,,
Tully Support Centre Inc,,,
Mobile: 0488 083 277,,,
Albacore Consulting Group Pty Ltd,,,
Tecnica Consulting Pty Ltd,,,
Flavour Creations Pty Ltd,,,
Executive Consulting Group,,,
Infinitum Partners Pty Ltd,,,
Capital Transport Services Pty Ltd,,,
Vyaire Medical Pty Ltd,,,
Med-X Pty Ltd,,,
HCCM PTY LTD,,,
Baidam Solutions Pty Ltd - ABN 11626747073,11626747073.0,,extracted_from_name
KJ Ross & Associates Pty Ltd T,,,
ALL COME PLUMBING PTY LTD,,,
Stenhouse Recruitment Services,,,
Email: infoqld@empoweredlearning.com,,,
• Bard Australia Pty Ltd,,,
Brendan O’Donnell Fencing Pty Ltd,,,
WESTERN SHAMROCK PLUMBING PTY LTD Business Name: O'Connell's Plumbing,,,
"ROY STURDY PLUMBING, GAS FITTING & ROOFING PTY LTD",,,
Transpacific Services Pty Ltd,,,
Kramenna Pty Ltd ATF The Kramenna Trust (t,,,
ABN: 13 113 311 005,13113311005.0,,extracted_from_name
Frontier Assembly Pty Ltd,,,
SABE Services Group,,,
LA3 Pty Ltd,,,
a Kineo),,,
Contactus Electrical Pty Ltd,,,
Device Technologies Australia Pty Ltd,,,
Rhombus PM Pty Ltd,,,
Redd Digital Services Pty Ltd - ABN 57633113836,57633113836.0,,extracted_from_name
Elite Medical,,,
Thorpe Corporation Pty Ltd (t,,,
Powell Dods and Thorpe Pty Limited,,,
HLB Mann Judd,,,
The Bruce Penfold Family Trust ATF Penfold Family Trust t,,,
Translationz Pty Ltd,,,
Coregas Pty Limited,,,
BURLEIGH HEADS  QLD  4220,,,
E3 Advisory Pty Ltd,,,
GE Healthcare,,,
BENSON ELECTRICAL SOLUTIONS PTY LTD,,,
Strategic Management Coaching Pty Ltd trading as Trevor Roberts,,,
O&M Halyard Australia Pty Limited,,,
"HALL, KEVIN ANDREW",,,
Smith & Nephew Pty Ltd,,,
PLUMBNORTH PTY LTD,,,
RoadPro Acoustics,,,
Sincere Medical Australia (SMA),,,
Beaconfield Partners Pty Ltd,,,
BDR Projects,,,
The Nous Group,,,
19. WV Technologies Ltd                          Category 2,,,
www.boxandco.com.au,,,
NewBase Computer Services Pty Ltd (a CT4 company),,,
Tenders: commercial@rizon.com.au,,,
Six Degrees (QLD) Pty Ltd,,,
Koala Medical Pty Ltd,,,
Harleys Educational,,,
TechConnect IT Solutions Pty Ltd,,,
POWE Architects Pty Ltd,,,
SLR Consulting Australia Pty Ltd,,,
Resilience Outcomes Australia Pty Ltd - ABN 43780830234,43780830234.0,,extracted_from_name
Inform Strategic Consulting (formally p. s. Collaborative),,,
Forrester Research Limited - ABN 68613097171,68613097171.0,,extracted_from_name
Eco Teq Pty Ltd,,,
Certus Solutions Pty Ltd,,,
a TEKsystems Services),,,
Parsons Brinckerhoff,,,
Davidson HR Consulting,,,
Contact: Justin Bielefeld or Steve Hilliar,,,
ABN:  48 009 669 836,48009669836.0,,extracted_from_name
Solute Consulting,,,
Herron Todd White,,,
3rdView Consulting,,,
Cathay Pacific Airways,,,
Winc (formerly Staples Australia Pty Ltd),,,
Emposo (formerly James Harvard),,,
Ethan Indigenous Pty Ltd,,,
Email: phil@cowiegroup.com.au,,,
• Cupra,,,
LitSupport Pty Ltd (re-branded to TIMG (The Information Management Group)),,,
Halcyon Knights QLD Pty Ltd,,,
Hudson Global Resources (Australia) Pty Ltd,,,
Total Infrastructure Solutions Pty Ltd (Sure Power),,,
Harrison Infrastructure Group Pty Ltd,,,
Independent Living Specialist,,,
TBH,,,
Steris Australia Pty Ltd,,,
4Park Pty Ltd t,,,
"Lucius Pitkin, Inc",,,
Westbourne College Pty Ltd,,,
Zimmer Biomet Pty Ltd,,,
J.J Richards & Sons Pty Ltd,,,
"BALLANTYNE, TREVOR",,,
Barkly Aviation Pty Ltd,,,
K.J. Ross & Associates Pty Ltd T?A KJR,,,
Jacobs Australia Pty Ltd - ABN 12079749287,12079749287.0,,extracted_from_name
VITS LanguageLoop,,,
Enable Professional Services Pty Ltd,,,
O'Connor Marsden & Associates Pty Limited,,,
WRM Water Environment Pty Ltd,,,
Medeleq Pty Ltd,,,
J.H BURNS & N.N BURNS,,,
Solute Consulting Pty Ltd,,,
Capital Insight Pty,,,
Vanguard Health,,,
N & P CONTRACTING PTY. LTD.,,,
Bdna Group Pty Ltd,,,
Infosys Technologies Limited,,,
Phone:  (07) 3390 3562,,,
Tract Consultants Pty Ltd,,,
SME Gateway,,,
CS Energy,,,
a Prodigise),,,
• Audi,,,
"MURPHY, ANDREW MICHAEL",,,
Thirdera AUS Pty Ltd,,,
Downs Office Equipment,,,
Versent Pty Ltd,,,
Rider Levett Bucknall Qld Pty Ltd,,,
Elevation Architecture Pty Ltd,,,
Aldridge Traffic Systems Pty Limited,,,
Quality Innovation Performance Limited (QIP),,,
xAmplify Services Pty Ltd,,,
TATA Consultancy Services,,,
Cyber-Tech Institute of Australasia,,,
Medical Rescue Pty Ltd,,,
IPTel Solutions Pty Ltd – ABN 95118836534,95118836534.0,,extracted_from_name
Solutions in Transport Pty Ltd,,,
Mobile:  0490 431 984,,,
Singh Fabrications Pty Ltd,,,
Invise Pty Ltd - ABN 47639128948,47639128948.0,,extracted_from_name
CBC Staff Selection,,,
Platinum Closing Pty Ltd (Platinum Health Supply Group),,,
Nous Group Pty Ltd,,,
Capgemini Australia Pty Ltd,,,
43 McCarthy Road,,,
Avis Australia (T,,,
RNL CONSTRUCTIONS PTY. LTD.,,,
SMS Consulting Group Limited - ABN 17006515028,17006515028.0,,extracted_from_name
• Red Suit Advertising,,,
Two Can Do Pty Ltd (TWW Townsville),,,
• MG Motor,,,
TNT Express (FedEx),,,
GMH Electrical Contracting Pty Ltd,,,
Require Resources,,,
Gammer Consulting Pty Ltd,,,
"Napranum, QLD 4874",,,
a Tritusa Consulting),,,
Yell IT Group (a CyberCX company),,,
"17 Exeter Way, Caloundra West, QLD 4551, Contact: Adam Davis, Ph: 1300 885 854, Mob: 0424 366 898, Email: support@tplconnect.com.au, doe@tplconnect.com.au",,,
E and E it Solutions,,,
CGI Technologies and Solutions Australia Pty Limited - ABN 39001260699,39001260699.0,,extracted_from_name
JY Australia Pty Ltd,,,
MP HOLDINGS (QLD) PTY LTD,,,
LifeHealthcare Distribution,,,
Huesker Australia Pty Ltd,,,
iseek,,,
MURA Connect,,,
Blue Visions Management Pty Ltd (t,,,
• Insight Research Services Associated (Adasis Consulting),,,
XVT,,,
• Multigate Medical Devices Pty Ltd,,,
Oobe Pty Ltd,,,
A. Gabrielli Constructions,,,
OptiMed Technologies Pty Ltd,,,
PO Box 644,,,
• OptiMed Technologies Pty Ltd,,,
Contract Personnel Pty Ltd,,,
Bryant Building Contractors Pty Ltd,,,
35 French Street,,,
FMA Engineering Services Pty Ltd,,,
M&N Enterprises Pty Ltd t,,,
Paragon Care,,,
ES2 Pty Ltd,,,
Dynamic Prosthetics Orthotics,,,
For Customised Procedure Packs:,,,
Crystalite Design Pty Ltd,,,
GM & CB Pty Ltd ATF GM & CB Unit Trust t,,,
Intelligent Business Research Services Pty Ltd - ABN 98107618404,98107618404.0,,extracted_from_name
Email:  info@pbiaustralia.com,,,
RPS AAP Consulting Pty Ltd,,,
Infosys Portland,,,
The Trustee for The Pecan Johnston Unit Trust T,,,
3M Australia Pty Limited,,,
Metering Dynamics Pty Ltd (trading as Yurika Metering),,,
ABN: 34 620 164 641,34620164641.0,,extracted_from_name
Envista Pty Ltd,,,
Step Two Designs Pty Ltd,,,
Perfekt Pty Ltd,,,
"Mercer Learning,",,,
Phone: (07) 3225 7290,,,
Email:  av@evolvecairns.com.au,,,
Blight Rayner Architecture Pty Ltd,,,
Molnlycke Health Care Pty Ltd,,,
Draeger Medical Australia Pty Ltd,,,
Telephone: 07 3908 2700,,,
t,,,
Phone: 07 3394 8339,,,
ipSCAPE Pty Ltd – ABN 80115398448,80115398448.0,,extracted_from_name
"19 Moreton Bay Road, Capalaba Qld 4157, Contact: Ryan Blanch, Ph: 07 3823 6400, Mob: 0423 500 873, Email: adminqld.elec@equans.com, ryan.blanch@equans.com",,,
Computers Now Pty Ltd,,,
LifeHealthcare Distribution P,,,
EssenceMediacom Pty Limited,,,
R and KM Jordin Pty Ltd t,,,
A Nexium) – ABN 34106459465,34106459465.0,,extracted_from_name
Vector Shade Structures Pty Ltd,,,
Medtronic Australasia Pty Ltd,,,
Mount Isa Pest Control,,,
REFRIGERATED TECHNOLOGIES (QLD) PTY LTD,,,
a Insight Research Services Australia,,,
Whizdom Pty Ltd,,,
Ashurst Australia,,,
CONSTRUCT BUILD RENOVATE QLD PTY LTD,,,
Ehrlich Layton International Pty Ltd,,,
Major Initiatives only,,,
Rounsefell Design Pty Ltd,,,
L,,,
Protiviti Pty Ltd,,,
AES Environmental,,,
Contact QFleet for details,,,
C9 Unit Trust (t,,,
• Lordell Trading,,,
Centum Services,,,
Outer Web Pty Ltd,,,
a Bluewing Haven),,,
Aryon Pty Ltd,,,
CALIBRE PLUMBING AND ROOFING PTY LTD,,,
Mobile: 0417 717 890,,,
Reid Healthcare,,,
Everty Pty Ltd,,,
ICU Medical Australia Pty Ltd,,,
Cloud Kinetics Australia Pty Ltd,,,
Digital Product Advisors Pty Ltd (t,,,
Hewlett Packard Australia Pty Ltd,,,
"Unit 2, 96 Gardens Drive",,,
Facsimile:    07 3356 5877,,,
Group 4 - Early Intervention Program Services,,,
Contact:  Lisa Forbes,,,
Telephone: 07 3272 6733,,,
Demex Pty Ltd,,,
Mediserve Pty Ltd,,,
Email: education@computeralliance.com.au,,,
MODSCAPE COMMERCIAL PTY LTD,,,
New Gauge Digital (Holistis Pty Ltd),,,
Inside Policy Pty Ltd,,,
Deloitte,,,
Phoenix Contracting QLD,,,
MORNINGSIDE QLD 4170,,,
Criteria Australia (Formerly Revelian Pty Ltd),,,
"DIAZ, MURRAY",,,
The following Suppliers are currently on the arrangement:,,,
Manheim Pty Ltd (ABN#79 089 074 206),,,
PJ GARLAND & SONS BUILDERS PTY LTD,,,
H G & M A WARD,,,
Evexia Pty Ltd,,,
Lamson Concepts Pty Ltd,,,
XDrive,,,
Procurement People Pty Ltd,,,
SoftwareONE Australia Pty Ltd,,,
Bligh Tanner Pty Ltd,,,
"ABEL, COLIN GEOFFREY",,,
The Buchan Group (Aust) Pty Ltd,,,
Elemental Solutions Partners (ESP),,,
Covax Australia Pty Ltd,,,
Kings Resources Pty Ltd,,,
Invise Pty Ltd (t,,,
Fujitsu Australia Ltd,,,
Patient Zero Pty Ltd,,,
Contact: John Healy,,,
TEZNIK PTY LTD,,,
Syntura Pty Ltd,,,
• Censeo Consulting (The Trustee For RESI Consulting Trust),,,
Element8 Project Group EMAT Consulting Pty Ltd,,,
Jag FT (Jag Finance & Technology),,,
Phoenix Occupational Medicine,,,
WorkingWell – Corporate Wellbeing and Health (previously CentacareCQ,,,
C & I P CAIRNS PTY LTD,,,
Medline International Two Australia Pty Ltd,,,
Dell Australia Pty Limited - ABN 46003855561,46003855561.0,,extracted_from_name
Harrison Human Resources Pty Ltd,,,
Ricoh Australia Pty Ltd - ABN 30000593171,30000593171.0,,extracted_from_name
ArcBlue Consulting,,,
Alcidion Aus Pty Ltd (t,,,
Keystone Negotiation,,,
Telephone: 07 4755 1006,,,
Human Ingredient,,,
Queensland Computers - www.queenslandcomputers.com.au,,,
SCHNEIDER ELECTRIC (AUSTRALIA) PTY LIMITED,,,
IPA Personnel Services Pty Ltd,,,
AccessEAP,,,
"MiTraining Ltd RTO,",,,
Nick Stevens Consulting Pty Ltd,,,
Quality People Pty Ltd,,,
GA-BUBU PTY LTD,,,
Equate Technologies,,,
HIGGINS COATINGS PROPRIETARY LIMITED,,,
Capital Talent Consulting Pty Ltd,,,
IE-Infotech Pty Ltd,,,
(Project Mgmt team merged with Turner & Townsend),,,
JOHNSON CONTROLS AUSTRALIA PTY LTD,,,
Time & Access Systems (Australasia) Pty Ltd (ABN 50 140 107 213).,50140107213.0,,extracted_from_name
SecAlerts Pty Ltd,,,
HOBAN Recruitment,,,
Midmed Pty Ltd,,,
UXBASIX Pty Ltd,,,
CKD Architects Pty Ltd,,,
• Ipsos Public Affairs,,,
• Kulzer Australia Pty Ltd,,,
NetEffects,,,
Mace Australia Pty Ltd,,,
Newcastle Weighing Services Pty Ltd,,,
PricewaterhouseCoopers's Indigenous Consulting,,,
885 Mountain Highway,,,
Squiz Australia Pty Ltd,,,
April9 Digital Consulting Pty Ltd,,,
a Playscape Creations,,,
IG3 Education,,,
GARBUTT  QLD  4814,,,
Teleflex Aust P,,,
Genus Advisory Pty Ltd,,,
Konekt,,,
Adaptra Group Pty Ltd,,,
Email: helpdesk@multhana.com.au,,,
a DXC Saltbush - formerly UXC Saltbush),,,
SecureCo Pty Ltd,,,
STEPS Staffing Solutions,,,
ASPECT DESIGN STUDIOS PTY LTD,,,
ATCO Structures and Logistics Pty Ltd,,,
Park Forge Pty Ltd,,,
Playpoles Pty Ltd (The Bruce Penfold Family Trust t,,,
Appscore International Pty Ltd,,,
Acclario IT Pty Ltd,,,
a Newart Commercial Furniture,,,
3. Advanced Mobile IT Ltd                        Category 1 & 2,,,
Endotherapeutics Pty Ltd,,,
Worksharp,,,
Miktysh,,,
MC & LTC Pty Ltd,,,
The Trustee for Faulkner Family Trust,,,
Rostron Carlyle Rojas Lawyers,,,
RightSec,,,
L (QCN) – ABN 75 633 081 517,75633081517.0,,extracted_from_name
"ACN: 083 014 340 Address Level 2, 449 Logan Rd Stones Corner QLD 4120 Contact Val Geraghty Title Senior Business Development Manager Phone (07) 3034 5477 Mobile 0438 602 455 Email val.geraghty@jobfit.com.au",,83014340.0,extracted_from_name
Tanya Mathers Architecture and Design,,,
Bedford Built Pty Ltd,,,
HAMBELL PLUMBING SERVICES PTY LTD,,,
Speculative Architecture Pty Ltd,,,
Savage Consulting Pty Ltd,,,
• Isuzu Ute,,,
D2L Australia,,,
• Elite Medical Supplies,,,
ASP Healthcare,,,
BSN Medical (Aust.) Pty Ltd,,,
Centium Pty Ltd - ABN 30646309015,30646309015.0,,extracted_from_name
Australian Red Cross Training Services,,,
WorkPac Health and Social Care Pty Ltd,,,
Matrix Traffic Consulting (QLD) Pty Ltd,,,
KLN ELECTRICAL SERVICES (QLD) PTY. LTD.,,,
Fuji Xerox Australia Pty Ltd - ABN 63000341819,63000341819.0,,extracted_from_name
North Townsville Community Hub,,,
Email:  info@uniquebuilding.com.au,,,
Ozwinds,,,
VIRGINIA  BC  QLD  4014,,,
Conduit Associates Pty Ltd,,,
YANDINA QLD 4561,,,
Blackboard International B.V.,,,
Video Pro,,,
Halcyon Knights Commercial & Contracting Pty Ltd,,,
ILG Consulting Services Pty Ltd,,,
Quantium Health Pty Ltd,,,
Adobe Resellers with GITC accreditation,,,
Rockfield Technologies Australia Pty Ltd,,,
Karlka Fencewright Qld Pty Ltd,,,
ConvaTec (Australia) Pty Limited,,,
a Forte Healthcare Solutions,,,
K.J. Ross & Associates Pty Ltd,,,
Thermo Fisher Scientific,,,
Phone: 07 3414 9100,,,
Honeywill Consulting Pty Ltd,,,
D.N.E. Pty Ltd (Don Neal Electrical,,,
CLEMMENTS ELECTRICAL PTY LTD,,,
Terra Firma Pty Ltd,,,
• AEC Group,,,
iCognition Pty Ltd,,,
Mobile: 0408 685 678,,,
Fortis Data Pty Ltd,,,
Threat Vector Security Pty Ltd,,,
Safe Driver Training (Aust),,,
- Stryker Australia Pty Ltd,,,
Block 5 Consulting Pty Ltd,,,
CARLAND SECURITIES PTY LTD,,,
Wilde and Woollard (Qld) Pty Ltd,,,
Enosys Solutions (a CyberCX company),,,
3rdView Consulting Pty Ltd,,,
a Hammond & Neale,,,
HRS,,,
DXC Technology (Australia) Pty Ltd (formerly UXC Limited),,,
Computer Systems (Australia) Pty Ltd (CSA),,,
Thesoco Pty Ltd (t,,,
Quest Surgical Pty Ltd,,,
Cirqle Group Pty Ltd,,,
Competitive Pest Services,,,
CyberGuru,,,
Direct National,,,
Communications Design and Management Pty Ltd (t,,,
Engage4Change,,,
Business Development Manager,,,
vPerformance,,,
Contact: Vanessa Gibbon,,,
NORTHERN AIR REPAIR PTY LTD,,,
Instructure Global,,,
Nudicover (The Financial Services Academy Pty Ltd),,,
Alcon Laboratories Pty Ltd,,,
JIM ROBERTS LOCKSMITH PTY LTD,,,
StruXi Design Pty Ltd,,,
Mott MacDonald Australia Pty Ltd,,,
Grand Sun International (Australia) Pty Ltd,,,
HealthX Group Pty Ltd,,,
Sentis Australia (Newland Gray Pty Ltd as trustee for Newland Gray Trust),,,
Data#3 Limited,,,
School Dispute Resolution Services (Ross Comyn McSwan),,,
a Beaumont People,,,
Jakeman Business Solutions Pty Ltd t,,,
Element8 Project Group Pty Ltd,,,
Kent Relocation Group Contact: Charles Garner email: QLDGov@kentrelocationgroup.com,,,
Broad Constuction Services Pty Ltd,,,
Funnelback Pty Ltd,,,
Email:  khobl@cnw.com.au,,,
Ansible Pty Ltd (formally Mnet Mobile Pty Ltd),,,
Ensure Building Pty Ltd t,,,
Aston Carter,,,
Davidson Technology Consulting Pty Ltd (formerly Monitor),,,
Jacobs Group Australia) Pty Ltd,,,
Just Digital People Pty Ltd,,,
a InterTech Financial Solutions),,,
Abbott Medical Aust P,,,
Cosive Pty Ltd,,,
Email:  tenders@nhdickinson.com.au,,,
• B. Braun Australia Pty Ltd,,,
Integral Technology Solutions Pty Ltd,,,
Litmus Group,,,
A Aileron Group,,,
FVS AIRCONDITIONING AND ELECTRICAL PTY LTD,,,
Laminar Communications Pty Ltd,,,
Infinite Music,,,
InfoReady Pty Ltd,,,
Civil and Sports Constructions t,,,
Contact: Ashley Job,,,
Logix Engineering Pty Ltd,,,
Happy Hygiene Pty Ltd (Happy Healthcare),,,
All Sport Projects,,,
Sentient Dynamics Pty Ltd,,,
MinterEllison Consulting Pty Ltd (formally IT Newcom Pty Ltd),,,
a ShedEx Townsville,,,
RPS AAP Consulting,,,
A Digital Sense - ABN 20122291150,20122291150.0,,extracted_from_name
Blackbook AI,,,
Infoxchange,,,
• KPMG,,,
- Heraeus Medical Australia Pty Ltd,,,
"ACN 100 261 265 Address Level 5, 410 Ann Street Brisbane QLD 4000 Contact Brodi Jones Title Client Partner Phone (07) 3058 8313 Mobile 0491 228 245 Email brodi.jones@sonichealthplus.com.au",,100261265.0,extracted_from_name
The Salvation Army,,,
Allens Training Pty Ltd,,,
Cox Industries Pty Ltd,,,
Central Queensland University,,,
Select Patient Care,,,
Destravis Australia Pty Ltd,,,
Budget Rent a Car Australia Pty Ltd,,,
Centre for Leadership Excellence,,,
TrailScapes Pty Ltd,,,
Alpha Acoustics Pty Ltd,,,
POWER & DATA SUPPORT SERVICES PTY LTD,,,
Architectural Nature Pty Ltd,,,
25 Colebard Street,,,
Nexxt Group (formerly Next Paradigm),,,
Australian 4WD and Advanced Driver Education,,,
Facsimile: (07) 3899 1260,,,
Findmea Pty Ltd,,,
Hansen Yuncken (Qld) Pty Ltd,,,
Thelander Architecture and Interiors,,,
• BYD,,,
Telephone: 0423 938 866,,,
Mölnlycke Health Care Pty Ltd,,,
A Perrigo Australia Sarstedt Australia Pty Ltd,,,
Customer Management Technologies Pty Ltd (t,,,
Sense of Security (a CyberCX company),,,
Gordon Gould Ipson Architects,,,
• Medline International Two Pty Ltd,,,
Sonita Medic Enterprises Pty Ltd,,,
Hunt Company Pty Ltd t,,,
Broadley HR,,,
A Hollister,,,
Rork Projects Pty Ltd,,,
Arjo Australia Pty Ltd,,,
Gridstone,,,
"Infosys Limited  - Dheeraj Chowdhury, mobile 0400 776 376, email Dheeraj_Chowdhury@infosys.com",,,
Macksey Rush Architects Pty Ltd,,,
Fisher & Paykel Healthcare Pty Limited,,,
• Australia Online Research (AOR),,,
Telephone: (07) 3872 7660,,,
4Impact Pty Ltd,,,
Bluetree Solutions Pty Ltd,,,
"Supplier Details:	Supplier contact: John Leighton, Strategic Account Executive - Public Sector QLD, mobile 0411 199 934, email john.leighton@salesforce.com",,,
Barhead Solutions Australia Pty Ltd,,,
Insight Enterprises Australia Pty Ltd,,,
Mobile:      0408 156 021,,,
AWX Pty Ltd,,,
PO Box 296,,,
SCIBAN ELECTRONIC SECURITY PTY LTD,,,
Intuitas Pty Ltd,,,
BrightSky Australia,,,
6. Buyequip Pty Ltd                                 Category 2,,,
Veracity Business Solutions Pty Ltd,,,
Peoplebank Australia Limited,,,
BITQ,,,
ORMEAU QLD  4208,,,
Symbio Australia Pty Ltd,,,
• Enhance Research (Enhance Management),,,
Corcym Aust P,,,
Cornwalls (QLD),,,
1800 024 407 or +61 2 4647 1444,,,
"Fujitsu Australia Limited, ABN 19 001 011 427",19001011427.0,,extracted_from_name
Excel Recruitment & Rexco People,,,
Mark Haster Painting Pty Ltd,,,
Gilking School Supplies,,,
"Business Aspect Pty Ltd, ABN 11 112 888 785",11112888785.0,,extracted_from_name
AECOM Australia Pty Ltd,,,
Rex,,,
McGrathNicol Advisory Partnership,,,
Sinapse,,,
Chandler Macleod Group Ltd,,,
The Peacock Collective,,,
Adepto Solutions,,,
Geared Up Culcha,,,
ABN: 52 153 718 122,52153718122.0,,extracted_from_name
Centum Services Pty Ltd ATF The Van Dyk Family Trust - ABN 71500774754,71500774754.0,,extracted_from_name
Regional Health Solutions Pty Ltd,,,
Contact:  Shaun Brehaut,,,
Intro Recruitment Solutions Pty Ltd,,,
CONTACT: Matthew Wilson,,,
HUNT BOILERS PWS PTY LTD,,,
Unit 1,,,
Trace Project Management,,,
Information Professionals Pty Ltd,,,
Fresenius Kabi Australia Pty Limited,,,
Powell Dods & Thorpe Pty Ltd,,,
Contact: Logan Cameron,,,
a Zenith Interiors,,,
GLG Consulting,,,
Hewshott International,,,
Loftus Contracting Pty Ltd,,,
BALEC GROUP PTY LTD,,,
Bernies Pie Shoppe,,,
Buzz Music,,,
Ochre Recruitment Pty Limited,,,
Innovo Technology Solutions,,,
• 3M Australia Pty Ltd,,,
Verus People Pty Ltd,,,
KO & Co Architecture Pty Ltd,,,
"iNSPYR,",,,
Jones Lang LaSalle (Qld) Pty Limited,,,
Sutherland Computer Training Pty Ltd,,,
2 SAN,,,
Deaf Services Limited,,,
Weartek Pty Ltd,,,
Chubb,,,
HPTschools PTY LTD,,,
PM Solutions Australia,,,
1 Medical Pty Ltd,,,
WorkFocus Australia,,,
Holding Redlich,,,
Explanimate! Pty Ltd (Ipermedia),,,
Live Communications Pty Ltd T,,,
Save Our Supplier Ltd,,,
Davidson Technology (Australia) Pty Ltd,,,
A1 COOLING PTY LTD,,,
Telephone: 0430 354 881,,,
Slattery Australia Pty Ltd,,,
Draeger Australia Pty Ltd,,,
Telephone: 1300 881 926,,,
Henry Schein Halas Regional Pty Ltd,,,
Medical Dental Solutions NQ Pty Ltd (THHS only),,,
Cardiff Air Control Systems Pty Ltd,,,
a Rizon Building,,,
IVE Group Australia Pty Ltd,,,
Medical + Optical Instruments Australia Pty Ltd,,,
SWISH Coaching (IS Recruitment Pty Ltd),,,
"NRI Australia Limited Contact – Stephen Ward,",,,
Sentry Medical Pty Ltd,,,
a Passport 360),,,
Computer Alliance,,,
GUISEPPE A. AUDITORE PTY LTD,,,
TPG Telecom Limited (formerly Vodafone Hutchison Australia Pty Ltd) – ABN 76096304620,76096304620.0,,extracted_from_name
ACN: 114 691 860 Address 123 Logan Rd Woolloongabba QLD 4102 Contact Clark Hopley Phone (07) 3391 2623 Mobile 0408 480 454 Email clark@kinnect.com.au,,114691860.0,extracted_from_name
• Renault,,,
Digital Access Solutions and Assistive Technology Pty Ltd,,,
Blue Visions Management Pty Ltd,,,
Breadcrumb Digital Pty Ltd,,,
ADASIS Consulting Pty Ltd t,,,
C3 Business Solutions Pty Ltd,,,
KPMG Australia Organisation Dynamics Pty Ltd,,,
Exent Consulting,,,
CANELEC PTY. LTD.,,,
"675 MacArthur Avenue,",,,
Tritusa Pty Ltd (t,,,
Haynes Mechanical Pty Ltd,,,
Kiah Consulting (Kiah Pty Ltd),,,
KLS Martin Aust P,,,
Palladium Infrastructure Pty Ltd,,,
Telstra Corporation Limited - ABN 33051775556,33051775556.0,,extracted_from_name
Guru Dirt Works,,,
Yellowhouse Net Pty Ltd,,,
Beilby Downing Teal Pty Ltd,,,
m3architecture Pty Ltd,,,
Little Critters Pest Control,,,
GROSVENOR ENGINEERING GROUP PTY LTD,,,
Collaborative ITS Consulting Australia Pty Ltd (CICA),,,
Rocket Medical Pty Ltd,,,
Tribus Advisory Pty Ltd,,,
Beaumont Consulting Pty Ltd t,,,
SALTT Technologies,,,
• ConvaTec Australia Pty Ltd,,,
Vault Systems Pty Ltd,,,
First People Recruitment Solutions Pty Ltd,,,
- LifeHealthcare Distribution Pty Ltd*,,,
F.A.S.T. (FIRE AUDIT SPECIALIST TECHNICIANS) PTY LTD,,,
Smith & Nephew Pty Limited,,,
ALLBUILD NQ PTY LTD,,,
Majer Recruitment,,,
Australian Film Television and Radio School (AFTRS),,,
Nicole Avery – reception@brandons.com.au,,,
IPS Management Consultants,,,
CONTACT: Ben Hofmann,,,
"Australasian Leadership Academy,",,,
U Plan Pty Ltd,,,
Spur:Labs,,,
CMC QUEENSLAND PTY LTD,,,
• LDV,,,
Radiometer Pacific Pty Ltd,,,
Unit 3,,,
Bright Consulting,,,
Infinite Talent Group Pty Ltd,,,
B & T STANTON ENTERPRISES PTY LTD,,,
ABN: 65 007 516 841,65007516841.0,,extracted_from_name
Wipro Limited,,,
BDO Services Pty Ltd - ABN 45134242434,45134242434.0,,extracted_from_name
Engage Squared Pty Ltd,,,
Converge International,,,
Limited CBRE (GCS) Pty Limited,,,
LMT Surgical Pty Ltd,,,
A UPTI – ABN 63163588912,63163588912.0,,extracted_from_name
NTT DATA Business Solutions Australia Pty Ltd,,,
Acumentis,,,
CMA Management Group T,,,
Nova Systems Australia Pty Ltd,,,
Bigsplash Playgrounds Pty Ltd,,,
Smoke Creative Pty Ltd,,,
ADAPS Pty Ltd,,,
• Proof Research (The Trustee For The Proof Research Trust),,,
Playland Constructions Pty Ltd,,,
Stenning & Associates Pty Ltd,,,
Medirecruit Australia Pty Ltd,,,
3DMind Solutions,,,
BP & K DAY,,,
Newart Group Pty Ltd ATF O’Brien Family Trust t,,,
Ontalent Pty Ltd,,,
RAVEL (The Ravelers Pty Ltd),,,
GAYNDAH FURNISHERS (QLD.) PTY. LTD,,,
a Digital Craftsmen Solutions),,,
"PAECH, STEVEN DEAN",,,
A Bluerydge - ABN 12780465562,12780465562.0,,extracted_from_name
Artificial Limbs & Appliances,,,
Blue Crystal Solutions Pty Ltd,,,
JJCT Packaging Pty Ltd (Positive Salary Packaging),,,
16. QLD Computers Ltd                           Category 1 & 2,,,
• Cardinal Health Australia 503 Pty Ltd.,,,
Schreder Australia Pty Ltd,,,
H1 Healthcare Pty Ltd,,,
a Decission Point Consulting Pty Ltd),,,
Nexon Asia Pacific Pty Ltd,,,
CLEAN-AIR (AUST) PTY. LTD.,,,
NRI Australia Limited (previously ASG Group),,,
Biotronik Aust P,,,
a Gruntify),,,
Arrilla Consulting Pty Ltd,,,
Provincial  Distributors,,,
Value Learning Pty Ltd,,,
Australia Wide Locum Placement Pty Ltd,,,
Lakeridge Consulting Pty Ltd,,,
Message Media - http:,,,
Sullivan Advisory Pty Ltd,,,
Winc Australia,,,
First Floor,,,
AUCloud (formerly Sovereign Cloud (Australia) Pty Ltd),,,
• Johnson & Johnson Medical Pty Ltd,,,
Werfen Australia Pty Ltd,,,
Dura Products Industries Pty Ltd,,,
Securemation Consulting - ABN 51923068429,51923068429.0,,extracted_from_name
a Select Patient Care,,,
Stewart and Heaton,,,
Controlware Australia Pty Ltd,,,
"Goodings, Daryl Steven The Trustee for THE GOODINGS TRUST",,,
MVO Airconditioning Pty Ltd,,,
Critical Initiatives and Major Initiatives,,,
Hertz Australia Pty Ltd,,,
MAD KEEN CONSTRUCTIONS PTY LTD,,,
a Transform Partners),,,
Deloitte Touche Tohmatsu - ABN 74490121060,74490121060.0,,extracted_from_name
• Australian Survey Research (ASR) (Australian Survey Research Group),,,
S5 Technology Group Pty Ltd,,,
Sprint Digital Pty Ltd,,,
L (formerly Bravuro & Agile Logic),,,
Hamilton Hayes Henderson Architects Pty Ltd,,,
Blackwood Projects,,,
Haines Medical Australia Pty Ltd,,,
D-Link Australia Pty Ltd - ABN 49052202838,49052202838.0,,extracted_from_name
LOGANHOLME  QLD  4129,,,
B. Braun Aust P,,,
Big Ass Fans Australia Pty Ltd,,,
Sharp & Carter Brisbane Technology Projects and Digital Pty Ltd,,,
RNL Constructions Pty Ltd,,,
Mobile: 0409 753 184,,,
TBA Urban Pty Ltd,,,
Aizer Building Solutions Pty Ltd,,,
Interpro Australia Pty Ltd,,,
Osmodal Group Pty Ltd,,,
Ferno Australia Pty Ltd,,,
K & T FISHER PTY LTD,,,
Mobile:  0427 168 763,,,
IDC Australia Pty Ltd - ABN 13001657003,13001657003.0,,extracted_from_name
First Choice Care Pty Ltd,,,
• Mediquip Pty Ltd,,,
Your People Group Pty Ltd,,,
Designed To Stick Pty Ltd,,,
TOIYER PTY. LTD.,,,
PKF Brisbane,,,
LMT Surgical P,,,
ILX Group Pty Ltd,,,
Precision Sourcing Australia Pty Ltd,,,
SureBridge IT Pty Ltd,,,
RioT Solutions Pty Ltd,,,
Resolutions (Int) Pty Ltd,,,
CUSP (QLD) Pty Ltd,,,
Amod Pty Ltd (t,,,
Woods Wind and Brass,,,
Optus Network Pty Ltd – ABN 92008570330,92008570330.0,,extracted_from_name
• Faster Horses,,,
Mobile: 0407 202 835,,,
Telephone: 0400 591 422,,,
Facsimile: 07 3274 2994,,,
J.Y.W. Consulting Trust trading as J.Y.W. Consulting,,,
Email:  sales@harleyseducational.com.au,,,
Terumo Aust P,,,
Farren McRae Workplace Lawyers and Consultants Pty Ltd,,,
"2 Inspire International,",,,
TROOCOO Pty Ltd,,,
Inviga,,,
Darling Downs Court Constructions,,,
Telephone: 07 3217 4655,,,
S3 Consult,,,
DoH-GDB,,,
iMedX Australia Pty Ltd,,,
CyberCloud Consulting Pty Ltd,,,
JET Charge Pty Ltd,,,
CONTACT: Jason George,,,
a Brandons Electrical Services,,,
Facsimile: 07 3275 2205,,,
www.infoways.com.au,,,
Access Testing Pty Ltd T,,,
FinXL Professioanl Services Pty Ltd (t,,,
Mobile: 0416 918 252,,,
Programmed Electrical Technologies,,,
All Purpose Transport,,,
Allen & Clarke Policy and Regulatory Specialists Ltd,,,
Ciena Communications Inc - ABN 11934388437,11934388437.0,,extracted_from_name
Soter International Ltd,,,
Edgecorp Constructions Pty Ltd,,,
Big Splash Playgrounds Pty Ltd,,,
Email: qldpsa@asi.com.au,,,
Faystar Pty Ltd t,,,
EFS ELECTRICAL & DATA PTY LTD,,,
Reflective Signs & Decals Pty Ltd,,,
Jobfit Health Group ABN: 40 083 014 640,40083014640.0,,extracted_from_name
Brett Dean (t,,,
Montagu Group Pty Ltd,,,
REDD (formerly 6YS),,,
a Black & More,,,
Canary Technology Solutions Pty Ltd,,,
ZircoDATA Pty Ltd,,,
PricewaterhouseCoopers,,,
Securemation Consulting,,,
a CEOffice Concepts,,,
Incotrade Australia Pty Ltd (t,,,
Syniti,,,
Boston Scientific Pty Ltd,,,
ABN: 93 122 414 699,93122414699.0,,extracted_from_name
LifeHealthcare Pty Ltd,,,
Winc Australia Pty Limited,,,
Abbott Rapid Diagnostics Pty Ltd,,,
Ace Materials Handling Pty Ltd,,,
Silklime Pty Ltd t,,,
Suburban Pest Management,,,
EY Digital Pty Ltd (formerly Adelphi Digital and Reading Room Aust.),,,
• Kimberly-Clark Australia,,,
ABN: 23 122 651 683,23122651683.0,,extracted_from_name
Altus Group Consulting Pty Ltd,,,
Orthocare Pty Limited,,,
Source Separation System Pty Ltd,,,
DXC Consulting Pty Ltd (t,,,
Empire Office Furniture (Hawa Dane Pty Ltd ATF Hawa Dane Unit Trust),,,
Active Medical Supplies Pty Ltd,,,
5accel Pty Ltd,,,
Customer 360 Global Pty Ltd,,,
Accenture Australia,,,
Everick Heritage Consultants Pty Ltd,,,
AEGIS SAFETY PTY LTD,,,
Herbert Smith Freehills,,,
Ethan Group Pty Ltd - ABN 93099503456,93099503456.0,,extracted_from_name
PSA Consulting,,,
CKR Health and IT Services,,,
Objective Corporation Ltd,,,
Temact Pty Ltd trading as Arbuthnot & Associates,,,
Accurate Air-conditioning and Electrical Pty Ltd,,,
3D Matrix Medical Technology Pty Ltd,,,
ABN:  63 010 059 837,63010059837.0,,extracted_from_name
GKE Australia Pty Ltd,,,
9. Data#3 Limited                                   Category 1 & 2,,,
Contact: Rosemary Watt,,,
The M & J Muller Trust T,,,
a Jordin Sports Surfaces,,,
Excel Consulting Solutions Pty Ltd (t,,,
• Ozdent Pty Ltd,,,
Caring For You Nursing Agency,,,
Air Liquide Healthcare Pty Ltd,,,
REEF CITY CONSTRUCTIONS PTY LTD,,,
Mogana Sundaram Narayanasamy,,,
Acacia No1 Trust T,,,
Camfil Australia Pty Ltd,,,
TPL Connect,,,
Civil Innovation (Aust) Pty ltd,,,
Ego Pharmaceuticals Pty Ltd,,,
Excel Technology Co Pty Ltd,,,
Maddgik Family Trust t,,,
Ozy Scope eManagement Pty Ltd (t,,,
PO Box 888,,,
A Azentro – ABN 69064656711,69064656711.0,,extracted_from_name
Vantive Pty Ltd,,,
• Cello Paper Pty Ltd,,,
www.mycar.com.au,,,
Lot 95,,,
www.bridgestone.com.au,,,
PO Box 4,,,
Data Analytics Management Consulting,,,
GovP2P,,,
Hummingbird Solutions Pty Ltd,,,
Archipelago Architects Pty Ltd,,,
Email: elizabeth.mckellar@theschoollocker.com.au,,,
Landloch Pty Ltd,,,
Brookehill AI Pty Ltd,,,
Division 5 Pty Ltd,,,
HDR Pty Ltd,,,
Ambu Australia Pty Ltd,,,
Evolve Health Digital,,,
Idea 11 Pty Ltd,,,
* Nelronics Pty LTD (formerly Fleetminder),,,
Deloitte PDS Pty Ltd,,,
SRI Infoservices Pty Ltd,,,
Mobile:  0499 042 242,,,
Cadent,,,
Taylor and Cullity Pty Ltd (TCL),,,
This Is A Conversation Starter Pty Ltd (Trade Mutt),,,
Your Nursing Agency (Qld) Pty Ltd,,,
Mercer Consulting (Australia) Pty Ltd,,,
Culpan Medical P,,,
Cardinal Health Australia 503 Pty Ltd,,,
Stryker Pty Ltd,,,
Charles Kendall Australia,,,
Retained Pty Ltd,,,
Salt Medical Recruitment Pty Ltd,,,
7 Tiles Pty Ltd,,,
The Recovre Group,,,
Peak Procurement,,,
Perios Pty Ltd,,,
Qudos Management Pty Ltd - ABN 97083974154,97083974154.0,,extracted_from_name
Communicorp Group (previously Assure Programs),,,
Croft & Company Pty Ltd,,,
• Rowland,,,
• Khemistry (formerly GrowthOps),,,
Leisa Prowse Consulting,,,
Steele Wrobel,,,
APV Valuers & Asset Management,,,
Ravinn,,,
Tesserent Cyber Services Pty Ltd (formerly Pure Security),,,
LOD Australia,,,
WEIPA HIRE PTY. LTD,,,
Wilsarose Trading Pty Ltd t,,,
KCI Medical Australia Pty Ltd,,,
Mobile:  0403 375 111,,,
Olive Grove IT Pty Ltd,,,
• Paragon Care Group Australia Pty Ltd,,,
AUSTEK PTY LTD,,,
Bendelta Pty Ltd; CGH Services Pty Ltd; Chandler Macleod Group Limited; Fahl ER Pty Ltd; Hoban Recruitment Pty Ltd; Hudson Global Resources (Aust) Pty Ltd; Kingston Human Capital; Mapien Pty Ltd; Marketing and Management Strategies; Maurice J. Kerrigan & Associates Pty Ltd; Merit Solutions; Picks Group Pty Ltd; Q Workplace Solutions Pty Ltd; Strive Occupational Rehabilitation Pty Ltd; Verifact Pty Ltd; Workplace Investigation Services Pty Ltd,,,
SALTAIR MODULAR PTY LTD,,,
FVS FIRE PTY LTD,,,
"Merit Solutions,",,,
T.S.L. INDUSTRIES PTY. LTD,,,
GTLA Gavin Taylor Landscape Architect,,,
UIC,,,
Delnorth Pty Ltd,,,
Phase Studio Pty Ltd (PixelFrame),,,
A.R ZAMMIT & M.R ZAMMIT,,,
Sentry Medical Pty Limited,,,
"Grey Matta Solutions,",,,
a Institute of Management),,,
GAMA Healthcare Australia Pty Ltd,,,
GEEBUNG  QLD  4034,,,
Appoint Pty Ltd,,,
"About your Transition Pty Ltd,",,,
bioMerieux Australia Pty Ltd,,,
Meditech Systems Asia Pacific Pty Ltd,,,
L t,,,
JEAL PROPERTY HOLDINGS PTY LTD,,,
"MACKERETH, BRETT KEVIN",,,
AKIPS Pty Ltd - ABN 31169056204,31169056204.0,,extracted_from_name
31 Victoria Avenue,,,
Followmont Transport Pty Ltd,,,
WSP Australia Pty Limited,,,
North Qld Construction Consulting Pty Ltd (NQCC),,,
Adept Recruitment Pty Ltd,,,
Telephone:  07 4035 4035,,,
Email: brad.henderson@bfx.com.au,,,
Advent One Pty Ltd,,,
Uniform Management Services,,,
PlanIT Test Management Solutions Pty Ltd,,,
EPEC Education,,,
Mansell Taylor Consulting,,,
SUNSTATE ELECTRICAL ENS PTY LTD,,,
WTP Australia Pty Ltd,,,
Interact Learning Pty Ltd (t,,,
CS technology (Aust) Pty Ltd c,,,
WalkMe,,,
K and M Nissen Consulting Pty Ltd aft K and M Nissen Family Trust,,,
ACN: 105 352 501 Address 4,,105352501.0,extracted_from_name
IML National,,,
HCL Australia Services Pty Ltd,,,
Beca Pty Ltd,,,
• 3M Australia Pty Ltd,,,
"Eight Mile Plains, QLD 4113",,,
Modsel Pty Ltd T,,,
Architectus Australia Pty Ltd,,,
Cleared Security Pty Ltd,,,
Refer to Buyers Guide for further information.,,,
Synapse Consortium Pty Ltd,,,
McVeigh Consultants Pty Ltd,,,
Lee Hecht Harrison Pty Ltd,,,
"Reef Ecologic,",,,
Brennan IT Pty Ltd - ABN 29082699367,29082699367.0,,extracted_from_name
Smiths Medical Australasia,,,
Humanico Pty Ltd,,,
VideoPro,,,
K.E BARNETT & L.A BARNETT,,,
ASPL Australia Pty Ltd,,,
"15 Bellingham Street, Narellan NSW 2567",,,
Oncall Language Services Pty Ltd,,,
HELENSVALE TOWN CENTRE QLD 4212,,,
"Whitelaw Engineering Machinery, ABN: 19 166 185 137, 18 Morrison Close, Mansfield QLD 4122, Contact: Dimitri Zouppas, Phone: (07) 3219 4000, Email: dzouppas@whitelawmachinery.com.au, Machinery Category: Part A and Part B",19166185137.0,,extracted_from_name
A. G. COOMBS (QLD) PTY LTD,,,
St Vincent De Paul Society Queensland,,,
Haines Contracting (QLD) Pty Ltd,,,
KPMG Australia,,,
Telephone: 1300 866 522,,,
"Baidam Solutions, ABN 11 626 747 073",11626747073.0,,extracted_from_name
Kaltec Services Pty Ltd,,,
Microsoft Ireland Operations Ltd,,,
"SCOWCROFT, PAUL",,,
The Least Likely Group (Matthew Callow),,,
Equinox Medical Pty Ltd,,,
4,,,
MARLEE CONSTRUCTIONS PTY. LTD.,,,
• Ontex Australia Pty Ltd,,,
CyberCX Pty Ltd - ABN 90629363328,90629363328.0,,extracted_from_name
Ausco Modular Pty Ltd,,,
Bizfurn Express Australia Pty Ltd (BFX Furniture),,,
Blow Woodwind and Brass,,,
Airmaster Australia Pty Ltd,,,
CONTACT: Tanya Schloss,,,
MTP Services Pty Ltd,,,
Email: dean@brandons.com.au,,,
NRI (formerly ASG Group),,,
CCM Recruitment International,,,
• Mazda,,,
• O&M Halyard Australia,,,
Critical Certification Pty. Ltd.,,,
Property Buro Pty Ltd,,,
68-70 Gorden Street,,,
Frontline Human Resources,,,
Tekwissen Pty Ltd,,,
McAlisterSmiley Partners Pty Ltd,,,
The University of Melbourne,,,
Davidson Recruitment Pty Ltd,,,
LivaNova Aust P,,,
Binary Music,,,
ALLEN GILLESPIE ELECTRICAL PTY LTD,,,
Burtech Pty Ltd,,,
Gilshenan and Luton Legal Practice,,,
Group 5 - Vicarious Trauma and Related Services,,,
Brisbane QLD 4000,,,
Pragmatic Thinking Pty Ltd,,,
CONTACT: Tom Bartlem,,,
Email: akela@akelaconstructions.com.au,,,
Acmena,,,
Everything Information Pty Ltd,,,
VALUE ADDED ASSET MANAGEMENT PTY LTD,,,
ST Solutions Australia Pty Ltd,,,
a One Bright Cloud),,,
Charterhouse Medical Pty Ltd,,,
ABN: 50 121 419 341,50121419341.0,,extracted_from_name
Infosys Limited,,,
Lambert & Rehbein (SEQ) Pty Ltd,,,
Griffith University,,,
Cogility Pty Ltd,,,
BRENT STOCKER ELECTRICAL PTY LTD,,,
Truis,,,
Holocentric Pty Ltd,,,
ActivTec Solutions (TTF Jeal Property Trust),,,
"ES2 Pty Ltd, ABN 57 163 419 136",57163419136.0,,extracted_from_name
"David Forman,",,,
Med-Con Pty. Ltd.,,,
Lackon Pty Ltd,,,
a Active Medical Supplies Pty Ltd,,,
ABN: 73 142 461 694,73142461694.0,,extracted_from_name
Ridapest Termite & Pest Control,,,
Dialog Pty Ltd - ABN 16010089175,16010089175.0,,extracted_from_name
GRANATTA PASTORAL COMPANY PTY. LTD.,,,
Logical Technologies Pty Ltd,,,
IBC Digital,,,
STERILE AIR PTY LTD,,,
iNSPYR,,,
JOHN BARNES & CO. (QLD) PTY. LTD.,,,
JDS Australia Pty Ltd,,,
Adcall Promotions (Qld) Pty Ltd,,,
i-team ANZ,,,
Queensland Council of Social Service,,,
Mobile: 0428 124 569,,,
EMU Data Pty Ltd,,,
Adam Pekol Consulting Pty Ltd,,,
VALUE ADDED CONSTRUCTION PTY LTD,,,
Avoka Technologies Pty Ltd,,,
Cass Cooling Pty Ltd,,,
RIoT Solutions Pty Ltd,,,
Lime Recruitment Pty Ltd,,,
New SOA- Suppliers,,,
Western Shamrock Plumbing Pty Ltd,,,
• Footprints Market Research (Alba Research),,,
Digital Skills Management Pty Ltd,,,
Orthotech P,,,
8i Architects,,,
a Haymans Electrical,,,
Website: https:,,,
Struber Pty Ltd,,,
a Qplay,,,
Sherwood Neighbourhood Centre Inc,,,
Paradise PVC Welding Pty Ltd,,,
Berry Street Education Model,,,
Bellwether Consulting,,,
Arcomed Pty Ltd,,,
Jumar Solutions Australia Pty Ltd,,,
Shipley Consultants Pty Ltd,,,
"Horizons Leadership Coaching,",,,
AccessCQ),,,
GDS Tech Pty Ltd,,,
Accenture Australia Pty Ltd,,,
Energesse,,,
Truii Pty Ltd,,,
The Checkley Group Pty Ltd,,,
Kyriakos Tyrologos,,,
Turner & Townsend Thinc,,,
CHARLIE THE PLUMBER PTY LTD,,,
"Global Welding Supplies Pty Ltd, ABN: 25 102 805 434, 32 Leyland Street, Garbutt QLD 4814. Contact: Paul Maloney, Phone: (07) 3271 2577, Email: pmaloney@globalweld.com.au, Machinery Category: Part A",25102805434.0,,extracted_from_name
Cheiron Healthcare Pty Ltd,,,
A CDM - ABN 15053788720,15053788720.0,,extracted_from_name
Corestaff QLD Pty Ltd,,,
Total Traction Architecture Pty Ltd,,,
• Roy Morgan,,,
Ignition Films Pty Ltd,,,
Paragon Care Group Australia Pty Ltd (trading as REM Systems),,,
Turnkey Consulting (Australia) Pty Ltd,,,
HB Group (QLD) Pty Ltd,,,
Deloitte Risk Advisory Pty Ltd,,,
Dickinson Constructions Pty Ltd,,,
TMS Consulting,,,
Schefe Builders,,,
Peak Usability (t,,,
www.nhdickinson.com.au,,,
Integrate AV,,,
LOGIT Australia,,,
Bistech Pty Ltd,,,
Bunji Enterprises Pty Ltd,,,
T & GK BALLANTYNE PTY LTD,,,
SilverStripe Australia,,,
WEST ACACIA RIDGE  QLD  4110,,,
Intech Solutions Pty Ltd,,,
Prominence Pty Ltd,,,
"Brandons Electrical, ABN: 41 010 637 279,	25 Colebard Street West, Acacia Ridge Qld 4110, Contact: Dean Urquhart, Phone: (07) 3715 2517, Mob: 0412 729 905, Email: brandons@brandons.com.au, dean@brandons.com.au",41010637279.0,,extracted_from_name
7 Steps Consulting Pty Ltd,,,
AMO Australia Pty Ltd,,,
Ontoit Global Pty Ltd,,,
Aussie Hydro Vac Services Pty Ltd,,,
Aspirante QLD Pty Ltd,,,
ATULL PLUMBING & DRAINAGE PTY LTD,,,
Cleanaway Pty Ltd,,,
Ranbury Management Group,,,
a),,,
Opteon Property Group,,,
Contact: Nash Stone,,,
Queensland Industrial Cladding,,,
• iVvy Pty Ltd (iVvy Software),,,
Avanos Medical Australia Pty Ltd,,,
I-TeleRAD Pty Ltd (I-MED),,,
Engineering Networks Pty Ltd,,,
McGrathNicol,,,
PO Box 3075,,,
"Leaderwise Pty Ltd,",,,
Long Street Advisors Pty Ltd,,,
RJG BUILDERS PTY LTD,,,
Traymark Industrial Caravans Pty Ltd,,,
Joe Wagner Group Pty Ltd,,,
PM Eleven Pty Ltd,,,
NEC,,,
EBOS Healthcare Ecolab Pty Ltd,,,
Hoverley Pty Ltd,,,
Ace Waste Pty Ltd,,,
Integrate Pty Ltd as trustee for Integrate Trust,,,
ABW ELECTRICAL SOLUTIONS PTY LTD,,,
Robert Walters Pty Ltd,,,
Maintain Advisory and Investments,,,
JB Medical Supplies Pty Ltd (Clinical Innovations Australia),,,
• Fiftyfive5,,,
Grant Thornton Australia,,,
PO Box 1497,,,
As Hollister,,,
V2R Projects Pty Ltd,,,
• Subaru,,,
RAPP Australia Pty Ltd,,,
CA & ML Milne T,,,
Latter Rain Pty Ltd atf the Keogh Family Trust,,,
PO Box 1477,,,
Interpath Services Pty Ltd ABN: 79 007 196 581,79007196581.0,,extracted_from_name
D.L FOO & K FOO,,,
Savige Pest Control Pty Ltd,,,
WOOLLOONGABBA  QLD  4102,,,
Point8 Pty Ltd,,,
A Gaming Laboratories Australia - ABN 51082989446,51082989446.0,,extracted_from_name
GITC,,,
Contact: Phil Cowie,,,
BURLEIGH BC  QLD  4220,,,
Paragon Care Group Australia Pty Ltd,,,
NRG ELECTRICAL (QLD) PTY LTD,,,
In Vitro Technologies Pty Ltd,,,
GOJII Pty Ltd,,,
Emm Consulting Pty Ltd,,,
"TACTICIAN,",,,
www.messagemedia.com.au,,,
Currie & Brown,,,
Premier Sports and Leisure Pty Ltd,,,
Klyp Australia Pty Ltd,,,
Bridge IT Engineering Pty Ltd,,,
Nexon Asia Pacific Pty Ltd – ABN 70095335023,70095335023.0,,extracted_from_name
"Federation University,",,,
BDR Services Pty Ltd,,,
Email:admin@bartlemconstruction.com.au,,,
Laerdal Pty. Limited,,,
MATT BIRNEY BUILDERS PTY LTD,,,
"Elephant Capability,",,,
Searson Buck Group Pty Ltd,,,
Sensei Project Solutions Pty Ltd,,,
Cisco Systems Australia Pty Ltd - ABN 52050332940,52050332940.0,,extracted_from_name
International SOS,,,
TL Consulting Group NSW Pty Ltd,,,
Getinge Australia Pty Ltd,,,
George Street Neighbourhood Centre Association Inc,,,
Telephone: 07 3806 1025,,,
"RISK 2 SOLUTION,",,,
Statewide Novated Leasing Pty Ltd,,,
Scyne Advisory Pty Ltd,,,
St John Ambulance Australia Queensland Limited,,,
SEM Holdings Pty Ltd (Prentice Consulting),,,
Abbott Australasia Pty Ltd,,,
Email: info@straitsupport.com,,,
Oper8 Pty Ltd,,,
Venn IT Solutions Pty Ltd,,,
Global 4WD Training and Tours,,,
Code Heroes Pty Ltd,,,
McMurtrie Consulting Engineers,,,
STOWE AUSTRALIA PTY LIMITED,,,
AVMIN Pty Ltd,,,
Lambert & Rehbein (North Qld) Pty Ltd t,,,
Arrochar Consulting Pty Ltd,,,
Intelligent Business Research Service Pty Ltd (IBRS),,,
Program Planning Professionals Pty Ltd (t,,,
DNA Recruit Pty Ltd,,,
Powertec Telecommunications Pty Ltd,,,
Everything Outside Pty Ltd,,,
LAYERMERE PTY. LTD.,,,
Lawson Training & Consulting Pty Ltd,,,
Directors Australia,,,
NTT Australia Pty Ltd – ABN 65 003 371 239,65003371239.0,,extracted_from_name
GTA Pty Ltd T,,,
Intellectual Technology & Communication Pty Ltd – www.itnc.com.au,,,
Collaborative CM Pty Ltd,,,
RCP Australia Pty Ltd,,,
Engage Australia Pty Ltd (“Engage Interactive”) ACN 611 855 219,,611855219.0,extracted_from_name
DAWSONS ENGINEERING (N.Q.) PTY LTD,,,
Knowledge Bridge,,,
Dowells Building Services Pty Ltd,,,
Indigitech,,,
Reload Consulting,,,
Paxus Australia Pty Ltd,,,
G.H. VARLEY PTY LTD,,,
O&M Halyard Australia Pty Ltd,,,
ABN: 84 120 396 965,84120396965.0,,extracted_from_name
Pavilion Health Services Pty Ltd,,,
a Macquarie Government),,,
SixPivot Pty Ltd,,,
LIESSMANN HOLDINGS PTY. LTD.,,,
Strategic Project Partners Trust (t,,,
• Sentry Medical Pty Limited,,,
Beat Architects,,,
ITC Publications,,,
Cantel Australia Pty Ltd,,,
Paxon Consulting Group Pty Ltd,,,
Email:  shaun.brehaut@bigassfans.com.au,,,
Business Aspect Pty Ltd,,,
ALLIANCE ELECTRICAL AND INSTRUMENTATION PTY LTD,,,
CORPDEVEL TECHNOLOGIES PTY LTD,,,
Akva Surgical,,,
Conrade Pty Ltd (t,,,
Ernst & Young,,,
Data#3 Limited - ABN 31010545267,31010545267.0,,extracted_from_name
Ford Health,,,
Vabasis Pty Ltd,,,
Minter Ellison - Gold Coast,,,
• Scyne Advisory Pty Ltd (Previously Price Waterhouse Coopers -PWC),,,
Winc Australia Pty Limited (formerly Staples Australia Pty Limited),,,
NextTech Learning Pty Ltd,,,
Thinkplace,,,
"Carousel Consulting,",,,
Mojo Soup Pty Ltd,,,
Technology One Limited - ABN 84010487180,84010487180.0,,extracted_from_name
Total Ventilation Hygiene Pty Ltd,,,
Freeman Hill Pty Ltd,,,
Office Brands,,,
Cogito Group Pty Ltd,,,
Virid IFC Pty Ltd,,,
Elite Medical Supplies,,,
2M Communications Pty Ltd,,,
Tullius,,,
a Townsville Building Services,,,
Partners in Performance International Pty Ltd,,,
"THEUERKAUF, CHRISTOPHER NEIL",,,
Po Box 430,,,
MinterEllison,,,
Emantra Pty Ltd,,,
Superloop (Operations) Pty Ltd – ABN 21622829510,21622829510.0,,extracted_from_name
TeleMARS Pty Ltd - ABN 69641192841,69641192841.0,,extracted_from_name
Mobile:   0409 546 233,,,
Best Practice Certification Pty Ltd,,,
Decida Digital Pty Ltd,,,
teams,,,
AssetVal,,,
1. Acer Computer Australia Ltd                 Category 1 & 2,,,
Lytton Advisory Pty Ltd,,,
Email:       lisa.forbes@flick.com.au,,,
HR Advantage Consulting Pty Ltd,,,
MJB Solutions Pty Ltd,,,
Cube Group,,,
Viatek Technology Pty Ltd,,,
Draeger Australia,,,
2. 1ICT Pty Ltd;,,,
iseek Pty Ltd – ABN 36094230467,36094230467.0,,extracted_from_name
Telephone: 0400 713 062,,,
Baxter Healthcare P,,,
MOQdigital Pty Ltd (formerly Technology Effect Pty Ltd),,,
IWG INVESTMENTS PTY LTD,,,
ABN: 34 979 036 411,34979036411.0,,extracted_from_name
Publicis Sapient,,,
Sysintegra Pty Ltd,,,
Pier2Pier Consulting,,,
3Columns,,,
E&E IT Solutions Pty Ltd,,,
"Level 1, 145 Eagle Street",,,
Johnstaff Projects (QLD) Pty Ltd,,,
QVC Solutions Pty Ltd,,,
UnitingCare Community,,,
Akela Digital Pty Ltd,,,
Synergy Placements Pty Ltd,,,
Coldshield Northern Pty Ltd,,,
Downs Superior Nursing Agency Pty Ltd,,,
Crazy Might Work Pty Ltd,,,
Cox Architecture Pty Ltd,,,
Aspen Medical Manufacturing,,,
Natan Pty Ltd,,,
The Comms Team,,,
Dale Carnegie Australia (The Trustee for Farmer Family Trust),,,
CS Energy Ltd,,,
RPS APP Consulting,,,
IntegrationWorks Australia Limited Partnership,,,
MARK MILBOURNE CONSTRUCTIONS PTY LTD,,,
PeopleBench Pty Ltd,,,
a Assurity Australia),,,
Driving Management Australia,,,
8 Commercial Place,,,
D.N.E. PTY LTD,,,
Email: sbox@boxandco.com.au,,,
Bidfood,,,
as Message Media ABN: 16 095 453 062,16095453062.0,,extracted_from_name
Stellar Recruitment Pty Ltd,,,
S360 Pty Limited t,,,
Box & Co Pty Ltd,,,
SUEZ Recycling and Recovery Pty Ltd,,,
a Leonardo Consulting),,,
Empire Careers QLD Partnership,,,
Flarepoint Pty Ltd,,,
Insite Communications Pty Ltd,,,
MBMpl (MBM),,,
Qantas Airlink,,,
The Citadel Group Limited,,,
• Skoda,,,
• Fairmont Medical,,,
Axiar Pty Ltd,,,
Easyweb Digital Pty Ltd,,,
TLM Solutions Pty Ltd (ABN 12 107 568 203).,12107568203.0,,extracted_from_name
Australia Post & (StarTrack),,,
Rubicon Red Pty Ltd,,,
Nanoputian.io Pty Ltd,,,
Info-Tech Research Group Pty Ltd - ABN 86631171581,86631171581.0,,extracted_from_name
RSM Australia,,,
Arup Australia Pty Ltd,,,
"HEAD, TREVOR JASON",,,
CybsecIT Pty Ltd,,,
107 Miles Platting Rd Eight Mile Plains QLD 4113 Contact Vicky Tsiamas Title Business Development Manager Phone (03) 9500 9968 Mobile 0448 887 162 Email Vicky.Tsiamas@injurynet.com.au,,,
MCP Australia Pty Ltd (MCP Health),,,
KNAPP CONSTRUCTIONS PTY LTD,,,
Norton Rose Fulbright,,,
Kytec Pty Ltd,,,
NEWSTEAD  QLD  4006,,,
Rizon Group Pty Ltd t,,,
Skillfield Pty Ltd,,,
"Complete Business Solutions (QLD) Pty Ltd,",,,
Oscorp Engineering Pty Ltd,,,
Commstott Pty Ltd (t,,,
mobiletyreshop.com.au,,,
Queensland Rural and Industry Development Authority (QRIDA),,,
Total Infrastructure Solutions Pty Ltd,,,
ABN: 49122898100,49122898100.0,,extracted_from_name
Contact:  Aaron Donegan,,,
KOM Consulting Pty Ltd,,,
Power & Data Support Services Pty Ltd,,,
Pitcher Partners,,,
AI Brisbane Pty Ltd,,,
Sarstedt Australia Pty Ltd,,,
St John Ambulance Australia (QLD),,,
Alphacare Pty Ltd,,,
iLab Australia,,,
talentCRU,,,
ABN: 81 130 066 214,81130066214.0,,extracted_from_name
GRIT Talent Consulting Pty Ltd,,,
Workpac Group,,,
Altus Group Consulting,,,
Red Cursor Pty Ltd,,,
ABCc Towing Services Pty Ltd,,,
Zero Seven Pty Ltd,,,
Resourceful Recruitment Pty Ltd,,,
Allens,,,
Deloitte PDS Group Pty Ltd,,,
a Records Solutions),,,
Boston Scientific P,,,
DB Results Pty Ltd,,,
Peter Pal Library Supplier,,,
Trimoda Digital Pty Ltd,,,
GWI Pty Ltd (formerly Glentworth Consulting Pty Ltd),,,
Applied Medical Australia Pty Ltd,,,
WATERSTOP SOLUTIONS (QLD) PTY LTD,,,
a Easy Authoring,,,
a GOSOL),,,
Peddle Thorp & Harvey Pty Ltd,,,
Device Technologies Aust P,,,
ABN: 94 634 200 132,94634200132.0,,extracted_from_name
Access HQ Pty Ltd,,,
ThomsonAdsett,,,
Australian Public Sector Training,,,
"Performance Strategies,",,,
Agfa Australia Pty Ltd,,,
• Merit Medical Australia Pty Ltd,,,
The Boston Consulting Group Pty Ltd,,,
Dawson's Technical Services Pty Ltd,,,
Osborne Richardson,,,
IPS Management Consultants (Indigenous Professional Services Pty Ltd),,,
Bond University Limited,,,
Easy Authoring,,,
Servian Pty Ltd,,,
Olikka Pty Ltd,,,
Phone: 07 4064 9990,,,
On Kews Property Maintenance,,,
4. Queensland Computers:,,,
Minter Ellison,,,
Aurecon Australasia Pty Ltd,,,
"Shape Consulting,",,,
New Wave Housing Pty Ltd,,,
Natural Ideas In Chairs Pty Ltd t,,,
Marlee constuctions Pty Ltd,,,
Premier Contact Point Pty Ltd – ABN 25639746464,25639746464.0,,extracted_from_name
NEXTGEN OPTIMA PTY LTD,,,
PREMIER FIRE PTY LTD,,,
Contact: Katrina Hazlett,,,
Tribus Advisory,,,
The Social Deck,,,
Qprocurement Pty Ltd,,,
SUNNYBANK HILLS  QLD  4109,,,
web: www.salesforce.com,,,
Remote Building Solutions Pty Ltd,,,
"Nurturing Confidence,",,,
Kerr Australia Pty Ltd,,,
ExpediteIT,,,
Institute for Healthy Communities Australia,,,
"PlanIT Test Management Solution Pty Ltd, ABN 61 079 209 135",61079209135.0,,extracted_from_name
Accenture Australia Holdings Pty Ltd,,,
Telephone: 07 5500 0035,,,
Kellogg Brown & Root Pty Ltd,,,
Sanulac Nutritionals Australia Pty Ltd (previously Aspen Nutritionals Australia Pty Ltd),,,
Optus Networks Pty Ltd,,,
• Kia,,,
CVSG ASSET SERVICES PTY LTD,,,
The Frame Group Pty Ltd,,,
Gadens Lawyers,,,
EIGHT 3 CONSTRUCTIONS PTY LTD,,,
New Base,,,
INDITAG PTY LTD,,,
Leading Humans Pty Ltd,,,
Pack of 7 Pty Ltd,,,
GWI Pty Ltd - ABN 78154924393,78154924393.0,,extracted_from_name
Architectural Collaborative Pty Ltd,,,
CS Technology (Australia) Pty Ltd c,,,
a Reef City Maintenance & Construction,,,
ADAM MANSEY PTY LTD,,,
CDRU NSW Pty Ltd (t,,,
RiskIQ,,,
a Brooke),,,
a NetApp),,,
Stephen De Jersey Architect Pty Ltd,,,
Colliers International (Brisbane) Pty Ltd,,,
NTT Australia Pty Ltd (formerly Dimension Data),,,
Change2020 Pty Ltd,,,
LeasePLUS Pty Ltd,,,
• EcoLab Pty Ltd,,,
Titan ICT Consultants,,,
ABN: 57 164 707 484,57164707484.0,,extracted_from_name
Dowdens Group Pty Ltd,,,
BELLMARC CONSTRUCTIONS QLD PTY LTD,,,
M5 Advisors Pty Ltd,,,
Sax Institute,,,
Tractix Pty Ltd,,,
Anatas Pty Ltd,,,
Equate Technologies Pty Ltd - ABN 47162052173,47162052173.0,,extracted_from_name
• Smoke Creative Pty Ltd,,,
Tacticall Recruitment Services,,,
Reynard Health Supplies (Aus) Pty Ltd,,,
Drivers College Australia,,,
AgileDev Solutions Pty Ltd,,,
Infoways Pty Ltd ABN: 69 158 406 921,69158406921.0,,extracted_from_name
Onyx Services Australia Pty Ltd,,,
Regional Express (Rex),,,
www.rizon.com.au,,,
• Queensland Council of Social Service (QCOSS),,,
Meeting Place Consultancy,,,
Fujifilm Data Management Solutions Australia Pty Ltd,,,
Planned Performance,,,
MANSEY PTY LTD,,,
12. Fujitsu Australia Limited                     Category 1 & 2,,,
Aztec Designs Pty Ltd,,,
WINC,,,
Escient,,,
Commerce Decisions Pty Ltd,,,
Exclaim IT Pty Ltd,,,
White Rook Cyber (A Salt Cyber Pty Ltd company),,,
John's Plumbing Service Pty Ltd,,,
Sherriff Electrical Pty Ltd,,,
Fowlers Freight Pty Ltd,,,
Pacifica,,,
WEX Australia Pty Ltd (Motorpass),,,
A-dec Australia,,,
Ausmedic Australia Pty Ltd (trading as Performance Health ANZ),,,
LANBUILD PTY LTD,,,
B.Braun Australia Pty Ltd,,,
Emanate Technology,,,
Arq Group (Outware Mobile),,,
760 Beenleigh Road,,,
57 Leyland Street,,,
Lactalis,,,
"Institute of Change,",,,
Limelight Consulting Group Pty Ltd,,,
Adsun Energy Pty Ltd,,,
DHI,,,
TriCAD Design (Paul Douglas Meredith),,,
Ortho Solutions P,,,
The Trustee for Sampson Business Trust trading as TransformD Consulting,,,
Lightbox Architecture & Interiors Pty Ltd,,,
Black EME Pty Ltd t,,,
FleetPlus Pty Ltd,,,
CMD Solutions,,,
Ashdale Integrity Solutions,,,
• Ford,,,
Executive Distributors,,,
RYAN WILKS PTY. LTD.,,,
Ebos Group Australia Pty Ltd,,,
K.J.Ross and Associates,,,
ABN: 13 650 322 099,13650322099.0,,extracted_from_name
Facsimile: 07 3254 8067,,,
Gregory Commercial Furniture Pty Ltd,,,
Rapid Group Co-operative Ltd,,,
Bloom IT Consulting Pty Ltd,,,
Allstyle Homes (QLD) Pty Ltd,,,
Focus Professional Services,,,
CPM Advisory & Project Management,,,
sms-education,,,
Roadcraft Driver Education,,,
Clarke and Prince Pty Ltd,,,
a Salesforce,,,
Warajay International H Pty Ltd (Warajay),,,
SitePages,,,
Cubesys Pty Ltd,,,
a Urban Play,,,
Ranbury Management Group Pty Ltd,,,
Transmax Pty Ltd,,,
Smartsalary Pty Limited,,,
CARRIER AUSTRALIA PTY LTD,,,
McLean Projects,,,
Civica Pty Limited,,,
Mediscrubs Pty Ltd,,,
CyberCX,,,
"Threat Intelligence Pty Ltd, ABN 43 156 362 300",43156362300.0,,extracted_from_name
a The Therapy Collective Pty Ltd,,,
2XM Recruit Pty Ltd,,,
• Volkswagen,,,
Keith Heffernan Pty Ltd t,,,
Resource 23,,,
North Projects Pty Ltd,,,
Ngamuru Advisory Pty Ltd,,,
"Radiant Security, ABN 54 635 730 139",54635730139.0,,extracted_from_name
Faction Consulting Harris Kmon Solutions Pty Ltd,,,
Schulke Australia Pty Ltd,,,
Facsimile: 07 3552 8399,,,
Sutherland Medical Pty Ltd,,,
"Bendelta,",,,
The Trustee for The Amalgamated Locksmiths Trust,,,
GALAXY PLUMBING (QLD) PTY LTD,,,
"Paradigm Infinitum,",,,
FNQ FOOTPRINTS PLUMBING & GAS PTY LTD,,,
Onten Strategic Recruitment,,,
REVOLUTION ELECTRICAL PTY LTD,,,
BP Australia Pty Ltd,,,
Medartis Australia & NZ Pty Ltd,,,
Royal Life Saving Society Queensland Inc,,,
Redstone Medical Pty Ltd,,,
a Centrecourt Constructions,,,
Geofabrics Australisia Pty Ltd,,,
AECOM Australia,,,
JUBILEE ENERGY HOLDINGS PTY LTD,,,
"Donohoe Consulting,",,,
Brennan IT Pty Ltd,,,
Connell Enterprises Pty Ltd,,,
Adrian Butcher Building,,,
Eagle Farm   Qld   4009,,,
Scientific Pest & Vegetation Management,,,
Industrial Galvanizers Corporation Pty Ltd T,,,
Q5 Australia Pty Ltd,,,
PinnacleQM Pty Ltd,,,
Rede Project Consulting Pty Ltd,,,
"Spry, Michael John & Josephine Doreen, The Trustee for Spry Family Trust",,,
MURAconnect,,,
Sharp & Carter Brisbane Pty Ltd,,,
De Neefe Pty Ltd T,,,
Email: sam.innes@rorkprojects.com.au,,,
Surety Solutions Pty Ltd (t,,,
"Re-Engineering Australia Foundation Ltd, ABN: 12 095 876 323, Unit 7, 20-22 Foundry Road, Seven Hills NSW 2147, Contact: Michael Myers, Phone: 1300 204 478, Email: michael.myers@rea.org.au, Machinery Category: Part B",12095876323.0,,extracted_from_name
Chartertech Pty Ltd,,,
Grosvenor Management Consulting,,,
Infinite Consulting Pty Ltd,,,
JHA Consulting Engineers,,,
Contino,,,
Recruitment 24,,,
Rapid Platform Project Pty Ltd,,,
Jon & Jon Consulting Pty Ltd,,,
www.aizer.com.au,,,
DotSec Pty Ltd,,,
Org Canvas Pty Ltd (formerly Capital Advisory Partners P,,,
PFD Food Services,,,
A),,,
BOC Limited,,,
Medi Australia Pty Ltd,,,
Effective Governance Pty Ltd,,,
"FIREUP Coaching Pty Ltd,",,,
Datacom,,,
NQ Staff Services Pty Ltd,,,
A Evie Networks),,,
OniGroup Pty Ltd,,,
• New Word Order,,,
PO Box 3739,,,
"Connect Services Pty Ltd, ABN: 72 655 856 376, Suite 7, 1 Clunies Ross Court, Eight Mile Plains, 4113 QLD, Contact: Trevor Manwarring, Ph: 1300 885 161, Mob: 0418 498 777, Email: info@connectservices.com.au, trevorm@connectservices.com.au",72655856376.0,,extracted_from_name
Email: building@aizer.com.au,,,
M&T Resources Pty Ltd,,,
Mathys Orthopaedics Pty Ltd,,,
Multigate Medical Products Pty Ltd,,,
ISG (Information Services Group),,,
Lumify Work Australia (formerly Dimension Data Learning Solutions),,,
Corporate Driver Training Australia,,,
Roche Diagnostics Australia Pty Ltd,,,
Go1 Pty Ltd,,,
Merit Solutions Pty Ltd ATF Merit Solutions Unit Trust,,,
Allstruct Pty Ltd,,,
GSA GROUP PTY LTD,,,
• Market & Communications Research (MCR),,,
Strategenics Pty Ltd,,,
NTT Australia Digital Pty Ltd (formerly Oakton Services),,,
Contact: Katrina Spiller,,,
1-5 Knobel Court,,,
Adecco Australia Pty Ltd,,,
aTownsville Building Services,,,
RBG Lawyers,,,
VMLY&R,,,
Northern Nursing,,,
Praxis 2000 Pty Ltd,,,
CONTACTUS ELECTRICAL PTY LIMITED,,,
Jones Lang LaSalle Advisory Services (JLL),,,
Astral Consulting Services,,,
Parker Healthcare Pty Ltd,,,
SAPE Industries Pty Ltd,,,
Konica Minolta Business Solutions Australia Pty Ltd,,,
FLOORING CENTRAL PTY LTD,,,
Heywood Engineering Solutions Pty Ltd,,,
Simient Pty Ltd,,,
TPG Network Pty Ltd – ABN 85003064328,85003064328.0,,extracted_from_name
"Platinum Electrical & Air, ABN: 32 109 626 940, 216 South Pine Road, Enoggera Qld 4051, Contact: Peter Collins, Ph: 1300 606 380, Email: det.ict@platinumelectrical.net, peter.collins@platinumelectrical.net",32109626940.0,,extracted_from_name
Teba Group Pty Ltd,,,
1Spatial Australia,,,
GFG Projects Pty Ltd,,,
12 Greg Jabs Drive,,,
Topo Group Pty Ltd,,,
Chamonix IT Consulting (QLD) Pty Ltd,,,
InterMed Medical Pty Ltd,,,
Jigsaw Talent Management,,,
Geode Solutions,,,
The Ethical Consulting Group,,,
Cottee Parker Architects Pty Ltd,,,
14 Jordan Terrace,,,
Francis Group Consultants Aust Pty Ltd,,,
10. Datacom Systems Ltd                        Category 1 & 2,,,
PMA Global Pty Ltd,,,
Creature Consulting Pty Ltd (t,,,
Ph:1800247254,,,
Ipswich Pro Drive,,,
Institute for Healthy Communities Australia Limited,,,
PeakXD (Peak Usability),,,
LTT Group Pty Ltd,,,
Trevor-Roberts,,,
Microsoft Pty Ltd,,,
"Bedrock Books, Box of Books, Campion Education, CleverPatch, Complete Office Supplies, Eckersleys Arts & Craft, EDSCO, Harley's Educational, Hart Sport, Impact Office Supplies, Kookaburra Educational Resources, MK Educational, Modern Teaching Aids (MTA), My School Gear, Network Educational, Office National Yatala, Officeworks, Oxlades Art Supplies, ReadCloud, RH Sports, S&S Wholesale, School Art Supplies, Schoolstuff, Sequel School & Office Supplies, Speedy School Supplies, The Book House, Warrego Office Choice, Winc Australia",,,
Contact: Dean Jackson,,,
NRI Australia Limited,,,
Worklocker SC,,,
JMJB Pty Ltd (JSAcreative),,,
Intelligent Document Solutions Pty Ltd,,,
Oakton Services Pty Ltd - ABN 31100103268,31100103268.0,,extracted_from_name
Ryno Fencing Pty Ltd,,,
Iron Mountain Australia Group Pty Ltd,,,
Tacmed Australia Pty Ltd,,,
www.reefcitymaintenance.com.au,,,
NIVEK PLUMBING INNISFAIL PTY LTD,,,
Konica Minolta Marketing Services (Australia) Pty Limited,,,
ServiceNow Australia Pty Ltd,,,
Email: dwayne@reefcitymaintenance.com.au,,,
• Liberty Medical T,,,
ABN: 50 005 632 708,50005632708.0,,extracted_from_name
The Pharmacy Guild of Australia,,,
ISBS Solutions Pty Ltd (t,,,
BROWNS PLAINS  BC  QLD  4118,,,
KELVIN GROVE  QLD  4059,,,
ASPCQ PTY LTD,,,
Pebble IT,,,
CDI Pest Management,,,
Hames Sharley QLD Pty Ltd,,,
SafetyCulture Pty Ltd,,,
Opira Pty Ltd,,,
Division 5 Pty Ltd - ABN 16637663908,16637663908.0,,extracted_from_name
RIOT Solutions Pty Ltd - ABN 73606466102,73606466102.0,,extracted_from_name
Telephone: 0409 437 483,,,
Baker& McKenzie,,,
Akkodis Australia Consulting Pty Ltd,,,
Miktysh Solutions Pty Ltd,,,
AEC Group Ltd,,,
Bridge42,,,
PO Box 3125,,,
KPI Services (QLD) Pty Ltd,,,
RIBSHIRE PTY. LTD.,,,
Cowie Group Western Cape Pty Ltd (Indigenous Business),,,
* BIGmate Transport,,,
K & K Consulting Engineers Pty Ltd,,,
"Meritos,",,,
Nutricia Australia Pty Ltd (Early Life Nutrition),,,
a Invise),,,
ABN: 84 164 509 139,84164509139.0,,extracted_from_name
"Team Management Systems,",,,
COFORGE DPA Australia Pty Ltd,,,
Colliers International Project Management Pty Ltd,,,
National Surgical P,,,
T & R Clews Pty Ltd,,,
Atris Pty Ltd,,,
Carrington Associates Asia Pacific Pty Ltd,,,
Bausch & Lomb Pty Ltd,,,
Entelsoft Pty Ltd,,,
PM-Partners,,,
Air Restore Pty Ltd,,,
Grosscom United Pty Ltd ATF Grosscom Family Trust,,,
Direct Pest Control - Kingaroy,,,
Talent Street,,,
* IntelliTrac,,,
NewBase Computer Services Pty Ltd - ABN 17010702717,17010702717.0,,extracted_from_name
Technology Governence Services,,,
Fairmont Medical Products Pty Ltd,,,
"Earlville, CAIRNS   QLD  4870",,,
Salary Packaging Australia Pty Limited,,,
Louis.gravestein@symbio.com.au,,,
Device Technologies,,,
Safe Tech 360 (t,,,
"A & J Communications Pty Ltd, ABN: 69 117 449 260,	437 Alderley Street, Toowoomba Qld 4350, Contact: Brad Hinrichsen, Ph:1300 222 546, Mob: 0407 582 828, Email	brad.hinrichsen@ajts.com.au, and qed@ajts.com.au",69117449260.0,,extracted_from_name
Edwards Lifesciences P,,,
• Bunzl Outsourcing Services,,,
Harris Kmon Solutions Pty Ltd,,,
Donald Cant Watts Corke (Qld) Pty Ltd,,,
Facsimile: 07 3257 7321,,,
• RAM,,,
Total Uniform Solutions,,,
iiSolutions Pty Ltd,,,
Gibson Architects Pty Ltd,,,
The Workwear Group Pty Ltd,,,
DB Schenker Australia Pty Ltd,,,
Liquid Interactive,,,
352 Bilsen Road,,,
Ph: 07 3373 3000,,,
Email: Matt@apsqld.com,,,
Water Technology Pty Ltd,,,
Kingston Human Capital Pty Ltd,,,
Shed 2,,,
DENBERTH PTY. LTD.,,,
ENGIE MECHANICAL SERVICES (QLD) PTY LIMITED,,,
People2people Recruitment (QLD) Pty Ltd,,,
Ennis Traffic Safety Solutions Pty Ltd T,,,
PENSKE AUSTRALIA PTY LTD,,,
Oakton Services Pty Ltd,,,
Dean & Ling QLD Pty Ltd,,,
The Change Agency Pty Ltd,,,
CommsPlus Distribution Pty Ltd – ABN 90158828221,90158828221.0,,extracted_from_name
BELLARINE PAINTING PTY LTD,,,
a Velrada),,,
Kinetic IT,,,
"JDS Australia Pty Ltd, ABN 88 471 933 631",88471933631.0,,extracted_from_name
Medipeople Pty Ltd,,,
Fulton Trotter Architects,,,
Howard Wright Limited,,,
Contact: Matthew Long,,,
Telephone: 1300 480 443,,,
"Ashley Coaching & Consulting,",,,
Mobile: 0431 098 692,,,
Guymer Bailey Landscape,,,
Assure Programs (CommuniCorp Group Pty Ltd),,,
Technology People Queensland,,,
- LMT Surgical Pty Ltd*,,,
Brooke Institute Pty Ltd (t,,,
inSite Construction Services Pty Ltd,,,
Gruntify Pty Ltd (t,,,
"Bayswater, Vic 3153",,,
Klearnet Solutions Pty Ltd,,,
Hitachi Vantara Australia Pty Ltd - ABN 65005610079,65005610079.0,,extracted_from_name
Cloudmarc Pty Ltd,,,
Stryker Aust P,,,
Murilla Community Centre Inc,,,
a Queensland Dental Services,,,
Sexton Trading Company Pty Ltd,,,
ITOC Pty Ltd,,,
Transform Developments Pty Ltd (The Trustee for Sampson Business Trust),,,
KSG CIVIL AND CONSTRUCTION PTY LTD,,,
a The Play Works,,,
Braums Pty Ltd,,,
Imagine Communications Pty Ltd ATF Imagine Trust,,,
Mobile: 0411 658 338,,,
I SOURCE LOGISTICS PTY LTD,,,
Pro AV Solutions (Qld),,,
ThoughtWorks,,,
Meld Studios Pty Ltd,,,
Shimadzu Medical Systems Oceania Pty Ltd,,,
VAE,,,
Grey Space Plus Pty Ltd,,,
W. T. MORRIS & SONS PTY. LTD.,,,
PSA Consulting (Australia) Pty Ltd  RMA Engineers Pty Ltd,,,
Zimmer Biomet P,,,
The trustee for the Tower Mountain Trust (Totally Workwear Cairns) (previously Kingsbury Investments Pty Ltd),,,
"71 Stradbroke Street, Heathwood Qld 4110",,,
Orion Health Pty Ltd,,,
Contact Person: Stuart Aird – National Sales Development Manager,,,
Evolve Equipment Management,,,
New Eye Company Pty Ltd,,,
DQA Pty Ltd (DeliveryQA),,,
Collaborative Cost Management,,,
Hudson Global Resources (Aust) Pty Ltd,,,
Edwards Group Holdings Pty Ltd,,,
Redleap Consulting Pty Ltd,,,
Mobile: 0456 000 344,,,
CONTACT: Samantha Baxter,,,
Unique Building Services Pty Ltd,,,
FourPL Pty Ltd,,,
Snow Software,,,
Aitken Legal Pty Ltd,,,
River Sands Pty Ltd,,,
All Door Solutions Pty Ltd,,,
Queensland University of Technology,,,
Rednax Recruitment Pty Ltd,,,
EMT Healthcare Pty Ltd,,,
Contact Person: Brad Henderson - CEO,,,
• Henry Schein Regional Pty Ltd,,,
www.rorkprojects.com.au,,,
BMT Commercial Australia Pty Ltd,,,
Medrecruit International Limited Partnership,,,
NCC Group Pty Ltd,,,
Empowered Learning,,,
Wise Workplace,,,
EasiFleet Pty Ltd,,,
BEAT Architects,,,
B. Braun Australia Pty Ltd,,,
07 3166 0700,,,
Beca,,,
The Trustee for The EMS Family Trust (trading as Elite Medical Supplies),,,
BDO (Qld) Pty Ltd,,,
Queensland Computers,,,
Harvey's Towing (QLD) Pty Ltd,,,
LEVEL ONE FLOORING PTY LTD,,,
Artcraft Propriety Limited,,,
Comlinx Pty Ltd,,,
BABINDA ELECTRICS PTY LTD,,,
Bornhorst & Ward Pty Ltd,,,
Cook Medical Aust P,,,
Email: gavin@quadric.com.au,,,
OBI PM Group (James Wright T,,,
GP One Consulting Pty Ltd,,,
"Leading Well Group,",,,
Altius Group,,,
Telephone:1800 334 633,,,
B2W Solutions,,,
Programmed Health Professionals Pty Ltd,,,
• Forethought,,,
FOLK Pty Ltd,,,
Hologic (Australia) Pty Ltd,,,
Zzoota - Space Combinator Pty Ltd,,,
• Advantage Healthcare Pty Ltd,,,
Beyondedge Pty Ltd,,,
Caybris Consulting Pty Ltd,,,
"Australian Instititue of Management Education and Training,",,,
Semantic Sciences Pty Ltd,,,
BVN Architecture Pty Ltd,,,
C5 Technology Pty Ltd - ABN 24159620925,24159620925.0,,extracted_from_name
Programmed Skilled Workforce Limited,,,
CGI Technologies and Solutions Australia Pty Ltd (formerly Logica),,,
She wear,,,
Pipefish Pty Ltd,,,
Fencebuild (Australia) Pty Ltd,,,
FlowBuilders Pty Ltd,,,
a Officeworks,,,
Privacy 108 Consulting Pty Ltd - ABN 52600425885,52600425885.0,,extracted_from_name
• Device Technologies Australia,,,
Fast Cities Australia Pty Ltd (T,,,
Data#3 - ABN 31010545267,31010545267.0,,extracted_from_name
DM2 Architecture Pty Ltd,,,
CITEC - ABN 52566829700,52566829700.0,,extracted_from_name
Decipher Bureau QLD Pty Ltd,,,
a Environmental Soil Solutions Australia Pty Ltd (ESSA),,,
Nexia Brisbane Audit Pty Ltd,,,
Nous Group,,,
Capegem Pty Ltd  t,,,
WILLAWONG  QLD  4110,,,
Multicultural Australia,,,
Tectonic Geotechnical Pty Ltd,,,
The Book House,,,
Counterpoint Architecture Pty Ltd,,,
2XM Consult Pty Ltd,,,
Argus Probity and Procurement Pty Ltd,,,
IntelliTraffic Pty Ltd,,,
DLA Piper,,,
AllaboutXpert Australia Pty Ltd,,,
a Ingal Civil Products,,,
Strait Support Pty Ltd,,,
GE Healthcare Australia Pty Limited,,,
Empire Group,,,
CONTACT: Roman Purnell,,,
Bendelta,,,
Buccaneer Communications,,,
a Link Digital),,,
a L+R (SEQ),,,
Email: sales@videopro.com.au,,,
LOWCOCK BUILDERS PTY LTD,,,
Balance Medical Pty Ltd,,,
Innerspace (QLD) Seating & Systems Pty Ltd,,,
Vegies Unlimited,,,
• Ecomed Trading Pty Ltd,,,
Wilson Architects Pty Ltd,,,
Email: solutions@queenslandcomputers.com.au,,,
ProCrew,,,
SMEC Australia Pty Ltd,,,
Dormakaba Australia Pty Ltd,,,
11. Dell Australia Pty Ltd                          Category 1 & 2,,,
a Sturdy Framac (QLD),,,
Morningside QLD 4170,,,
Elevate Careers Pty Ltd,,,
Meritos,,,
m3property Australia,,,
ABN: 54 071 410 332,54071410332.0,,extracted_from_name
Avanos Medical Australia Pty Ltd (previously Halyard Australia Pty Ltd),,,
Nestlé Australia Ltd,,,
Troutbeck & Associates Pty Ltd,,,
Email: Katrina.spiller@integrateav.com.au,,,
Contact: Phil MacPhail,,,
DEK Corporation Pty Ltd,,,
CoreBridge Pty Ltd,,,
Xigent Locums Pty Ltd,,,
CQR Consulting Australia Pty Ltd (a CyberCX company),,,
a Transport Priorities,,,
Contact: Tony Church or Mark Leaman,,,
Starling Services Pty Ltd,,,
Telephone: (07) 3102 4988,,,
SecureStack,,,
PO Box 160,,,
Cleanaway Operations Pty Ltd,,,
Adapt Ventures Pty Ltd - ABN 33125150567,33125150567.0,,extracted_from_name
Horten Medical Pty Ltd,,,
Escient Pty Ltd - ABN 20613555810,20613555810.0,,extracted_from_name
Richard Field Constructions P_L,,,
CONTACT: Gavin Thorley,,,
Avanade Australia Pty Ltd,,,
NeuroLeadership Institute Australia Pty Ltd,,,
"WILLIAMS, RUSSELL WALTER The Trustee for THE R AND M WILLIAMS FAMILY TRUST",,,
Enprocon (QLD) Pty Ltd,,,
Mobile: 0447 146 721,,,
Lawson Elliott Queensland Ltd,,,
HENNSOL Pty Ltd,,,
SUNNYBANK  QLD  4109,,,
New Arenas Capital Pty Ltd,,,
• Getinge Australia Pty Ltd,,,
Court Craft Sporting Surfaces Pty Ltd,,,
RIPPA ENTERPRISES,,,
Additional vendors may be added to this arrangement during the term.,,,
Polaris Data Centre.,,,
Email: nash@ensinteractive.com.au,,,
FAA Payroll & Admin Services Pty Ltd (FAA Sal Pac (FSP)),,,
Getz Healthcare P,,,
Specialised Property Consulting Pty Ltd,,,
Medtronic Australasia P,,,
Symplicit,,,
Tetra Tech Coffey Pty Ltd,,,
WAMAC Software Pty Ltd,,,
Seers Group Australia Pty Ltd,,,
B & N GLASS AND ALUMINIUM PTY LTD,,,
"62 Secam Street, Mansfield Qld 4122, Contact: Andrew Beith, Ph: 1300 353 232, Mob: 0405 057 070, Email: andrew@evergreenelectrical.com.au, admin@evergreenelectrical.com.au",,,
Schiavello Systems (Qld) Pty Ltd,,,
Rapp Australia Pty Ltd,,,
Paul Hartmann Pty Limited,,,
Echo Health Care Solutions Pty Ltd,,,
ATI Australia Pty Ltd,,,
Carestaff Nursing Services Pty Ltd,,,
email: Stephen.Ward@nri-anz.com,,,
a Austek Play,,,
Design Works Apparel Pty Ltd,,,
Giarola Architects Pty Ltd,,,
Grassports Australia (QLD) Pty Ltd,,,
Peters Ice Cream,,,
Cardinal Health Australia 503 Pty Ltd. (c,,,
About Tech,,,
Telephone: 07 3861 8200,,,
PO Box 1043,,,
Urban Play Pty Ltd ATF Ben Urban Services Trust t,,,
Datalek Systems & Electrical Pty Ltd,,,
Pinkenba   Qld   4008,,,
CNW Pty Ltd,,,
Jackson Talent Management,,,
PO Box 2990,,,
Centorrino Technologies Pty Ltd,,,
"MJB Solutions Pty Ltd, ABN: 44 069 701 220, Unit 13, 23-25 Skyreach Street, Caboolture, QLD 4510, Contact: Melinda McCall, Ph: (07) 3077 9624, Mob: 0418 412 952, Email: support@mjb.com.au, melinda.mccall@mjb.com.au",44069701220.0,,extracted_from_name
MBMpl Pty Ltd,,,
Ross Garland and Associates,,,
Cooper Grace Ward Lawyers,,,
Phillips Smith Conwell Architects Pty Ltd,,,
Mackay Auto Doors and Gates,,,
Toowong PG Pty Ltd T,,,
Leaders IT Services Pty Ltd,,,
Libertas Partners Pty Ltd,,,
Email: geoffo@nqlms.com.au,,,
Interactive Pty Ltd,,,
Australian Off-road Academy,,,
Mun Australia Pty Ltd,,,
Stacktrace Pty Ltd,,,
Aussie Locums Pty Ltd,,,
Osborn Consulting Engineers Pty Ltd,,,
Telephone: 07 3275 0000,,,
Klok Advisory Pty Ltd,,,
Woods Furniture Pty Ltd,,,
Australian Institute of Management Education and Training Pty Limited,,,
Medical & Optical Instruments Australia Pty Ltd,,,
Vertical Telecoms Pty Ltd T,,,
TEC150 Pty Ltd,,,
CR Kennedy & Company Pty Ltd,,,
Telephone: 1300 766 997,,,
AXIS Rehabilitation at Work,,,
ALLENCROFT PTY. LTD,,,
Concept Recruitment Specialists Pty Ltd,,,
"Growth Coaching International,",,,
Bosco Medical Australia Pty Ltd,,,
ITL Australia Pty Ltd,,,
The Strategic Directions Group Pty Ltd,,,
My Cloudland Pty Ltd,,,
Cigniti Technologies (Australia) Pty Ltd,,,
• Publicis Brisbane,,,
* Netstar Australia (previously Pinpoint and Ezy2c,,,
A Infosec Services Pty Ltd - ABN 90692719962,90692719962.0,,extracted_from_name
AXR Group Pty Ltd,,,
Energy Market Matters,,,
Kelly Reaston Development and Property Services,,,
A E SMITH & SON (SEQ) PTY LTD,,,
Karl Storz Endoscopy Australia Pty Ltd,,,
Tuff Yards Pty Ltd,,,
RSM Australia Pty Ltd - ABN 65319382479,65319382479.0,,extracted_from_name
CARSELDINE AIR CONDITIONING PTY. LTD.,,,
dbARCH,,,
DDLS Australia Pty Limited,,,
Telephone: 1800 742 748,,,
METTLE PROJECTS PTY LTD,,,
MacArthur & Associates Pty Ltd (Creating Breakthroughs),,,
• Carbon Creative,,,
"a KJR, ABN 11 079 218 652",11079218652.0,,extracted_from_name
a Intelligent Pathways),,,
Rentokil Initial Pty Ltd,,,
7. Computer Alliance Ltd                          Category 1 & 2,,,
"BOC Limited, ABN: 95 000 029 729, Riverside Corporate Park, 10 Julius Avenue, North Ryde, NSW 2113, Contact: Darren Free, Mobile: 0427 171 199, Ph: (07) 3212 4227, Email: darren.free@boc.com, Machinery Category: Part A",95000029729.0,,extracted_from_name
BCI Technology Pty Ltd,,,
"Stowe Australia Pty Ltd, ABN: 27 002 556 603, 23 Hi Tech Court, Eight Mile Plains Qld 4113, Contact: Tim Donohue, Ph: (07) 3423 6777, Mob: 0424 366 898, Email: dete@stoweaustralia.com.au, tim.donohue@stoweaustralia.com.au",27002556603.0,,extracted_from_name
a Electro80,,,
CONTACT: Paul Curro,,,
"KEASE,",,,
TRANE THERMO KING PTY LTD.,,,
Michael Page International (Australia) Pty Ltd,,,
Core Consultants Pty Ltd,,,
Donald Cant Watts Corke (QLD) Pty Ltd,,,
Drake Australia Pty Ltd,,,
CoreBridge,,,
All Aspects Recruitment & HR Services,,,
elevenM Consulting Pty Ltd,,,
Mine Development Services Pty Ltd (t,,,
Dog Gone Fencing Pty Ltd,,,
Transform Partners Pty Ltd (t,,,
* Philcomm,,,
Neylan Architecture Pty Ltd,,,
Presence of IT Pty Ltd,,,
CMI Operations Pty Ltd T,,,
CSO Group Pty Ltd,,,
3 Dot Digital Pty Ltd,,,
Email: katrina@tlmsolutions.com.au,,,
FIRME Agency,,,
Australian Presentation Systems Queensland,,,
* Inseego Australia Pty Ltd (formerly Ctrack ANZ),,,
DIVERSE ASSET MAINTENANCE SERVICES PTY LTD,,,
Aris Zinc Pty Ltd,,,
"TOMMASI, GARY JOHN",,,
"Trevor-Roberts,",,,
3. Intellectual Technology & Communication Pty Ltd (formally BES IT);,,,
No Ask Task Solutions,,,
Defries Industries Pty Ltd,,,
LAKES ELECTRICAL PTY. LTD.,,,
• Ernst and Young (EY),,,
PM Solutions (Australia),,,
Daile Design Pty Ltd (Salt Design),,,
Prosperity Advisers Audit Services Pty Ltd,,,
21-23 Dalton street,,,
REDWOLF ROSCH PTY LTD,,,
Integra Neurosciences Pty Ltd,,,
Smart Data Pty Ltd,,,
Bright People Pty Ltd,,,
18 Hamilton Street,,,
Peak ARE Pty Ltd,,,
Ernst & Young Services Pty Ltd,,,
a Shape Consulting),,,
A Workforce Whiz,,,
ABCO Products Pty Ltd Croft & Company Pty Ltd Rapid Group Co-Operative Ltd i-team ANZ,,,
Smartleasing (a division of Smartsalary Pty Ltd),,,
www.multhana.com.au,,,
NineSquared,,,
Essential Utilities Corporation Pty Ltd,,,
Wardy IT Solutions Pty Ltd (a MOQdigital company),,,
Project Partners,,,
Queensland Capacity Network P,,,
• JSA Creative,,,
www.akelaconstructions.com.au,,,
SEC Newgate,,,
"3Columns, ABN 73 616 646 630",73616646630.0,,extracted_from_name
Hewlett-Packard Australia Pty Ltd - ABN 74004394763,74004394763.0,,extracted_from_name
NTT Australia Pty Ltd,,,
Market to Market Communications Pty Ltd,,,
Protiviti,,,
Haruyoshi J Yamashita and Akila G Barkus ATF Yamashita Family Discretionary Trust,,,
AUSTRALIAN FACILITIES PLUMBING (QLD) PTY LTD,,,
Amate Pty Ltd as trustee for Amate Unit Trust t,,,
Sliced Tech Pty Ltd - ABN 53165997008,53165997008.0,,extracted_from_name
Aspect Design Studios Pty Ltd,,,
Ionize,,,
Protecta-Vision Group Pty Ltd (Protecta-Vision Australia),,,
Viatek Technology Pty Ltd (formerly Computer Networks Pty Ltd),,,
Email:  MarkW@fleetwood.com.au,,,
NORTEC,,,
Becton Dickinson Pty Ltd,,,
Education Changemakers Pty Ltd,,,
AUZSCOT CIVIL AUSTRALIA,,,
3M Australia Pty Ltd,,,
a Advantage Sports & Leisure,,,
QPT MECHANICAL SERVICES PTY LTD,,,
CONTACT: Derek Gostelow,,,
DJO Global Pty Ltd,,,
Brass Music Specialists,,,
Australia Personnel Global Pty Ltd,,,
DXC Technology Australia Pty Ltd (formerly CSC Australia Pty Ltd),,,
Independent Aviation Pty Ltd,,,
"Prominence Pty Ltd,",,,
Telephone: 0749272256,,,
(formerly Ensure Building Pty Ltd),,,
W.L Gore & Associates (Aust) Pty Ltd,,,
IT Explained Pty Ltd,,,
Portable Australia Pty Ltd,,,
PricewaterhouseCoopers – Currently Suspended,,,
Safe Directions Pty Ltd,,,
Ecolab Pty Ltd,,,
Bakehouse13,,,
BOWEN REFRIGERATION PTY LTD,,,
Murdoch Lawyers,,,
Constructive Solutions Structural Pty Ltd,,,
Ordering email address: DETQLD_orders@fleetwood.com.au,,,
a L+R (North Qld),,,
Oracle Corporation Australia Pty Limited - ABN 80003074468,80003074468.0,,extracted_from_name
Ceccato Builders Pty Ltd,,,
Debby Ann Mulheran (t,,,
Contour Works,,,
Telephone: 1300 020 293,,,
The Solution Collective,,,
Reel Planning Pty Ltd,,,
ABN:70 619 662 252,70619662252.0,,extracted_from_name
Bambach Wire & Cables Pty Ltd,,,
Privasec Pty Ltd - ABN 44603476768,44603476768.0,,extracted_from_name
HOLMES PLASTERERS PTY LTD,,,
Henderson Recruitment Pty Ltd,,,
Access Testing Pty Ltd (AccessHQ),,,
Connexity Associates Limited,,,
Joderay Pty Ltd,,,
Townsville Building Services Pty Ltd t,,,
Getinge Aust P,,,
Castle Hill NSW 1765,,,
Benefit Management Pty Ltd,,,
Exactech Australia Pty Ltd,,,
AcademyGlobal Pty Ltd,,,
Converge Health Pty Ltd,,,
"COUSINS, RAYMOND PHILIP",,,
"Transform Development Pty Ltd,",,,
Ossur Australia OA & Injury Solutions Pty Ltd,,,
- Evolution Surgical Pty Ltd,,,
Shimadzu Medical Systems (Oceania) Pty Ltd,,,
ENTAG Communications Pty Ltd,,,
a FinXL IT Professional Services PL),,,
NEWLANDS COMMERCIAL CONSTRUCTION PTY LTD,,,
PM Consulting (QLD) Pty Ltd,,,
Gray Puksand Pty Ltd,,,
Everlight Radiology Pty Ltd,,,
COORPAROO DC QLD  4151,,,
INTREC MANAGEMENT (QLD) PTY LTD,,,
Premier Medial Imaging Pty Ltd (Qscan Group),,,
Concept Safety Systems Pty Ltd. Trading As: Locatrix,,,
John Deere Limited,,,
GIS People Pty Ltd,,,
healthqld.sharepoint.com,,,
• Chery,,,
43 Leda Drive,,,
Havenhall Pty Ltd,,,
"CPEM Consulting Group,",,,
Lambert & Rehbein (SEQ) Pty Ltd t,,,
KROJAC PTY. LTD.,,,
Telstra Corporation Limited,,,
AusDigi Pty Ltd,,,
Datacom Systems (AU) Pty Ltd,,,
Skotte Group Pty Ltd,,,
Fade in Productions Pty Ltd,,,
NQ Land Management Services Pty Ltd,,,
HWL Ebsworth Lawyers,,,
Aurecon,,,
UHY Haines Norton,,,
Leeson Valuers & Minsol Group,,,
EPI-USE Australia Pty Ltd,,,
BSI Group ANZ Pty Ltd,,,
Identity Hive Pty Ltd,,,
• Reynard Health Supplies,,,
Coaching Centre Pty Ltd,,,
Protiviti Pty Ltd - ABN 27108473909,27108473909.0,,extracted_from_name
Procurement Integrity Services,,,
Clayton's Towing Services Pty Ltd,,,
DXC Technology (Aust) Pty Ltd (formerly UXC Ltd),,,
ONE DIVERSIFIED (AUST.) PTY LTD,,,
Bellwether Consulting Services Pty Ltd,,,
The Trustee for the Orthotic & Prosthetic Centre Unit Trust (OPC Health),,,
Blackley Group Pty Ltd (The Trustee for McCarty Training Trust),,,
Laerdal Pty Ltd,,,
Avec Global P,,,
13. G1 Asset Management Ltd                  Category 2,,,
Refer Vendor Panel for full list of suppliers in each category.,,,
Growing Talent (Kathryn Donaldson),,,
The Brown Collective (SPB Education Pty Ltd),,,
Link Web Services Pty Ltd (t,,,
PX210 Pty Ltd Trading as New Medical,,,
Apollo Property Group Pty Ltd,,,
TQCSI Yaran Pty Ltd - ABN 46125638262,46125638262.0,,extracted_from_name
RehaCare Pty Ltd,,,
NQ Pando Pty Ltd,,,
PACIFIC FLOORING SERVICES PTY. LIMITED,,,
Zancott Recruitment Pty Ltd,,,
BCI Technology Pty Ltd (formerly Bushell and Cornish),,,
Xplora Wilderness Infrastructure Group Pty Ltd,,,
Business Aspect Group Pty Ltd,,,
Ernst & Young Escient Pty Ltd,,,
RPR Trades Pty Ltd,,,
Gravelroad Group Pty Ltd,,,
4. Aliva Ltd                                             Category 1 & 2,,,
ATech Services Pty Ltd,,,
ASI Solutions Contact: Jason King,,,
Ribshire Pty Ltd_Trading as Goodline,,,
Civil Geotechncial Consultants Pty Ltd ATF CGC Unit Trust,,,
Email: info@ig3education.com.au,,,
FieldKo Mobility Pty Ltd,,,
u&u Recruitment Partners,,,
The Missing Link Security Pty Ltd,,,
Kobold Group Ltd,,,
VoIP Pty Ltd – ABN 75091431202,75091431202.0,,extracted_from_name
AMA Projects Pty Ltd,,,
Message4U Pty Ltd t,,,
Cybernetic Global Intelligence,,,
Stephen Day & Associates Pty Ltd,,,
Birnam Wood Pty Ltd,,,
1ICT Pty Ltd,,,
Conrad Gargett Group Pty Ltd,,,
Influence IT Consulting,,,
Facsimile: 07 5520 5629,,,
BRIODY PLUMBING PTY LTD,,,
Macquarie Telecom (t,,,
North Burnett Community Service Inc,,,
IA Group,,,
ABN: 14 146 182 596,14146182596.0,,extracted_from_name
Sustainable Advantage Pty Ltd t,,,
McGrath Nicol,,,
• Allen and Clarke Consulting,,,
Hewlett-Packard Australia Pty Ltd,,,
LVL Up Consulting Pty Ltd,,,
Accenture,,,
World Trail,,,
AVW INDUSTRIES PTY LTD,,,
Carl Zeiss Pty Ltd,,,
Talent International (QLD) Pty Ltd,,,
Nipro Pty Ltd,,,
Facsimile: 07 3217 4699,,,
Moray & Agnew,,,
a Enviro Foam Qld,,,
Metal Manufactures Pty Limited T,,,
Please note that there will be more suppliers added once negotiations are finalised.,,,
Everett Property Development Management Pty Ltd,,,
Humanised Group Pty Ltd,,,
Rork Projects Pty Ltd (Indigenous Business),,,
"Lee Hecht Harrison,",,,
• SSS Australia,,,
CAPE CRUSADERS PTY. LTD.,,,
Neutron X-Ray & Imaging Systems Pty Ltd,,,
Ernst & Young - ABN 75288172749,75288172749.0,,extracted_from_name
Small Multiples,,,
Urban Play Pty Ltd,,,
DARLING DOWNS SAFETY PTY LTD,,,
Johnston & Goldsmith Consulting,,,
Winc Pty Ltd,,,
CP Architects Pty Ltd,,,
96 Ricketts Road,,,
Areivir Consulting Pty Ltd,,,
Tech-Sense Pty Ltd,,,
The Architecture Practice Pty Ltd,,,
info@ensinteractive.com.au,,,
TOM COWLES PTY. LTD.,,,
MOQ digital,,,
Communications Design & Management Pty Limited T,,,
Health Professionals To You Pty Ltd,,,
AMAL Group Pty Ltd,,,
Optisol Business Solutions Pty Ltd,,,
"PriceWaterhouseCoopers, ABN 52 780 433 757",52780433757.0,,extracted_from_name
Growth Coaching International (the trustee for The Growth Coaching Trust),,,
Pinpoint Talent Pty Ltd,,,
• Symplicit,,,
Biscoe Wilson Architects,,,
Intopia Pty Ltd,,,
Wall 2 Wall Engineers Pty Ltd,,,
GRA Supply Chain Pty Ltd,,,
AECOM Australia Pty Limited,,,
TRC Technology,,,
Compliance365,,,
Meltwater Australia Pty Limited (Meltwater),,,
Articulous Communications,,,
Contact details:,,,
"Equans Data Centre Services Pty Ltd, ABN: 91 163 500 267, Unit 1",91163500267.0,,extracted_from_name
Kayhan Building Services,,,
a Hunt & Co. Consulting,,,
123 Moi-gnum Street,,,
Stantec Australia Pty Ltd,,,
a Qld Dental Services,,,
Threat Intelligence Pty Ltd,,,
BRB Modular Pty Ltd t,,,
Email:  adonegan@sherriff.com.au,,,
BTS Spark,,,
*Under negotiation - previous product listings remain:,,,
ACIL Allen,,,
Heywood Consulting Group (Eileen Lara Heywood),,,
Ozcare,,,
Telephone: 07 3277 4700,,,
Contact: Mark Warner,,,
Communicorp Group,,,
KPI Sports Pty Ltd,,,
Synergy100 Pty Ltd,,,
Email: johnhealy@iagroup.com.au,,,
Mobile: 0409 488 120,,,
Connexxion Pty Ltd,,,
a Stretch 365),,,
Smartbill Pty Ltd,,,
Kemp Recruitment Pty Ltd,,,
Orange Digital Pty Ltd,,,
CONTACT: Dean Urquhart,,,
Radiant Security Pty Ltd,,,
"Corporate Edge,",,,
CloudTrek Pty Ltd,,,
Deloitte Touche Tomatsu,,,
GLEESON FAMILY TRUST,,,
• Paul Hartmann Pty Ltd,,,
HopgoodGanim,,,
MBB Group Pty Ltd,,,
Stockwell Bretton,,,
Merit Solutions,,,
Codex Consulting Group Pty Ltd,,,
Forge Advisory Pty Ltd,,,
GRC Quantity Surveyors,,,
Global Synthetics Pty Ltd,,,
MBM Pty Ltd,,,
iQ3,,,
UBH Group,,,
Symplicit Pty Ltd,,,
JP Consulting,,,
IntegrationWorks,,,
Skynet Satellite Communications Pty Ltd – ABN 29 101 529 702,29101529702.0,,extracted_from_name
Orthopaedic Appliances Pty Ltd,,,
McInnes Wilson Lawyers,,,
CONTACT: Ben Perandis,,,
Arklab Architecture Pty Ltd,,,
Eucalypt Consulting Pty Ltd,,,
"Unit 22, 160 Lytton Road",,,
Baidam Solutions Pty Ltd,,,
MRG Environmental Pty Ltd,,,
WS Quantity Surveyors,,,
Insight Enterprises Australia Pty Ltd - ABN 47058645677,47058645677.0,,extracted_from_name
HINDSITE Industries (KMSTech),,,
Officeworks Ltd t,,,
Hirlhead Pty Ltd as trustee for APS Plastics Unit Trust (trading as APS Medical),,,
Greenstaff Medical Pty Ltd,,,
NORTHGATE  QLD  4013,,,
RMA Soils Pty Ltd,,,
Blueline Architecture Pty Ltd,,,
True North Solutions Pty Ltd,,,
ThoughtWorks Australia Pty Ltd,,,
Amplitude Pty Ltd,,,
Inter-Networking Consulting Pty Ltd,,,
Brisbane QLD 4001,,,
Public Sector Consulting,,,
Born Digital Solutions,,,
Optimum Percussion,,,
Blueprint Career Development,,,
• Wallis Social Research (Wallis Consulting Group),,,
Phillips Group,,,
"Rimini Street, Inc",,,
Ajeka Pty Ltd,,,
Speedwell Pty Ltd,,,
Experis Australia Pty Ltd,,,
https:,,,
Workwear Group Australia Pty Ltd,,,
L),,,
CONTACT: Stacey Lui,,,
Steele Wrobel Pty Ltd,,,
The Trustee For The James Barr Family Trust (SSS Australia),,,
Or,,,
Vincents,,,
Alphawest Services Pty Ltd - 49009196347,,,
Liberty Medical Pty Ltd,,,
ESSENTIAL AIR SOLUTIONS PTY LTD,,,
Paragon Care Group Australia Pty Ltd trading as REM SYSTEMS,,,
CurbyMcLintock Pty Limited,,,
"A CMA Consulting Group,",,,
At My Best,,,
TekMed Pty Ltd,,,
SureBridge Pty Ltd - ABN 34070777356,34070777356.0,,extracted_from_name
Allstyle Homes (Qld) Pty Ltd,,,
SHP Construction & Civil,,,
Program Partners Pty Ltd,,,
Contact: Scott Gray,,,
GroupGSA,,,
Ridgemill,,,
• Liquid Interactive (iLiquid),,,
5. ASI Solutions Ltd                                 Category 1 & 2,,,
Schemalogic Australia Pty Ltd t,,,
Rentokil Pest Control,,,
Potters Industries Pty Ltd,,,
BFX Furniture (Bizfurn Express Australia),,,
Recruitment Solutions Group Australia Pty Limited,,,
Bridgeman,,,
BEN GREEN ELECTRICAL PTY LTD,,,
First Grade Group Pty Ltd,,,
Petersburg Enterprises Pty Ltd t,,,
Bunnings Group,,,
Zen Enterprise Pty Ltd,,,
Intervene Medical P,,,
Smiths Medical Australasia Pty Ltd,,,
Hunt Eastwitch Pty Ltd,,,
GULF CONSTRUCTIONS (QLD) PTY LTD,,,
Wagners Cement Pty Ltd,,,
ConMed Linvatec Australia Pty Ltd,,,
Engage Australia - https:,,,
as Nexacu),,,
15. Industry Trading Ltd                          Category 2,,,
Globus Medical Aust,,,
• Centium Software (EventsAIR),,,
Bard Aust P,,,
Kiah Consulting,,,
MicroPort CRM P,,,
17. **Left Blank**,,,
Rowland,,,
Look Smart Builders Pty Ltd,,,
7 Pty Ltd,,,
GM Poles Pty Ltd,,,
Aurec Pty Ltd,,,
Welcome to the Fold Pty Ltd,,,
18. Renew IT Pty Ltd                               Category 2,,,
BioMerieux Australia Pty Ltd,,,
The trustee for One Stop Workwear Unit Trust (Reali Supply),,,
PENCORP PTY. LTD Business Name: Peart Plumbing,,,
Getz Healthcare Pty Ltd,,,
C.A. Architects Pty Ltd,,,
Shape Consulting Pty Ltd,,,
CRJA WIFFEN Pty Ltd (Totally Workwear Toowoomba),,,
• Control Medics Pty Ltd,,,
CLANCY CORPORATION PTY. LTD.,,,
Agoge Training Institute,,,
Kinnect,,,
BluePrint Medical Pty Ltd,,,
- Device Technologies Australia Pty Ltd,,,
Peak Services Pty Ltd,,,
FromHereOn (formerly Enterprise Architects),,,
1 Maitland Pl,,,
TSA Management Pty Ltd (Formerly Calcutta Group),,,
Mobile: 0411 131 429,,,
Social Scaffolding Pty Ltd,,,
VoiceFoundry,,,
Gartner Australasia Pty Limited - ABN 69003708601,69003708601.0,,extracted_from_name
Westlab Pty Ltd,,,
Aurion Corporation Pty Ltd - ABN 63050431868,63050431868.0,,extracted_from_name
FAIR Consulting Group Pty Ltd,,,
NRI (formerly ASG),,,
AuStrategies Pty Ltd,,,
a Velocity Partners,,,
ChaplainWatch Inc,,,
Good Shepherd Australia New Zealand,,,
Cooper Commercial Pty Ltd,,,
Email: admin@newwavenq.com.au,,,
DDG Technology,,,
Tech Mahindra Ltd,,,
The Learner First Pty Ltd,,,
a MRI QLD),,,
HMI Technologies Pty Ltd,,,
Infrastructure Advisory Group Pty Ltd,,,
PO Box 2858,,,
Vexel Pty Ltd,,,
RWW Group Pty Ltd,,,
Remuneration Services (Qld) Pty Ltd (RemServ),,,
"Executive Central,",,,
Fujitsu Australia Limited - ABN 19001011427,19001011427.0,,extracted_from_name
Sims White Architects Pty Ltd,,,
Fredon Technology,,,
QRMC Risk Management Pty Ltd,,,
Boomerang Technology,,,
a Networxsolutions Group),,,
James Bennett Pty Ltd,,,
Telephone: (07) 3352 4222,,,
Common Ground Trails Pty Ltd,,,
Talent Quarter Pty Limited,,,
Attribute Group Pty Ltd,,,
Cultural Cyber Security Pty Ltd,,,
Email address for purchase orders: sales@flavourcreations.com.au,,,
Affinity Nursing Recruitment Pty Ltd,,,
BONLEC PTY LTD,,,
Contact:  Mark Watkins,,,
WIP Construction,,,
P2E Pty Ltd,,,
O'Connor Marsden & Associates,,,
DXC Connect Pty Limited - ABN 69001002731,69001002731.0,,extracted_from_name
Cox Purtell Staffing Services Pty Ltd,,,
• Molnlycke Healthcare,,,
a Pecan Lighting,,,
15 Wandal Road,,,
QUT,,,
ICU Medical Australia Pty Limited,,,
- Johnson & Johnson Medical*,,,
CONTACT: Simon Box,,,
Revolution IT Pty Ltd (t,,,
Bruno Angelo Foschi and Janita Maree Foschi as the trustee for J & B Foschi Family Trust,,,
Advanced Biomedical (Sales) P,,,
a Raeco,,,
Contact: Michelle I’Anson,,,
Garbutt    Qld    4814,,,
Discount Tyre and Wheel Pty Ltd (Previously Bob Jane),,,
Telstra Corporation Ltd,,,
DalRae Solutions Pty Ltd,,,
Aldridge Electrical Industries Pty Limited,,,
Coloplast Pty Ltd,,,
Dell Australia Pty Ltd - ABN 46003855561,46003855561.0,,extracted_from_name
STAFFORD  QLD  4053,,,
52B Bishop Street,,,
Google Australia Pty Ltd,,,
Telephone: 07 3266 3448,,,
Amare Safety Pty Ltd,,,
Driving Solutions International,,,
* Fleet Complete Australia (formerly Securatrak),,,
Email: mark.warner@rizon.com.au,,,
Resource 23 Pty Ltd,,,
Pathways Technology,,,
a The Solution Collective),,,
Lexmark (International) Australia,,,
GWI Pty Ltd (formerly Glentworth Consulting),,,
P J AND A P CHRISTIANSEN,,,
EDP CONSULTANTS PTY LTD,,,
The Yellow Company Pty Ltd,,,
Telephone: (07) 3376 7288,,,
Vectra Corporation Limited,,,
EDG Consulting Pty Ltd,,,
Major Training Services Pty Ltd,,,
Sonic Health Plus ABN: 39 100 261 265,39100261265.0,,extracted_from_name
RightSec Pty Ltd - ABN 43638973869,43638973869.0,,extracted_from_name
www.probuild.com.au,,,
Southern Cross Safety & Workwear Pty Ltd,,,
Data#3,,,
• Mediplast Australia Pty Ltd,,,
Facsimile: 07 3806 1035,,,
DFP Recruitment Services Pty Ltd,,,
a Versatile Structures,,,
KJ Ross & Associates Pty Ltd,,,
Frost & Sullivan Australia Pty Ltd - ABN 35096869108,35096869108.0,,extracted_from_name
InspyrPty Ltd,,,
"Advance Global Elevators Pty Ltd, KONE Elevators Pty Ltd, Liftronic Pty Ltd, Otis Elevator Company Pty Ltd",,,
SB Recruitment Pty Ltd,,,
Agnostico Pty Ltd,,,
McKenzie Music Etcetera,,,
Pathways Technology Consulting Pty Ltd (t,,,
• VMLY&R (formerly Y&R),,,
Evolve Talent Pty Ltd,,,
Infoways - http:,,,
MACKAY & WHITSUNDAY LOCKSMITHS PTY LTD,,,
Telestar Communications,,,
BLACKROC Talent Pty Ltd,,,
Jacobs Group (Australia) Pty Ltd,,,
ABN: 95 147 784 389,95147784389.0,,extracted_from_name
Oasis Entities Pty Ltd ATF Oasis Landscaping Trust t,,,
Akkodis (formerly Modis),,,
Alchemy Recruitment Consulting Pty Ltd,,,
Mobile: 0437 545 715,,,
14. Greenbox Group Pty Ltd                     Category 2,,,
APP Corporation Pty Ltd,,,
Fresenius Medical Care Australia Pty Ltd,,,
"Ferno Australia, Midmed, Tacmed Australia, Safeguard Medical",,,
"SafeAssure Pty Ltd,",,,
• McNair yellowSquares,,,
Randstad,,,
Watcon Building Group Pty Ltd,,,
APP Corporation Pty Limited,,,
Working Wheel Coaching & Facilitation,,,
Dalseno String Studio,,,
Pulse Staffing Australia Pty Ltd,,,
Capital Insight Pty Limited,,,
Community Plus Queensland Inc,,,
SMS Management & Technology Ltd,,,
TMLabs Pty Ltd,,,
LAUD ink Pty Ltd,,,
Deane Apparel Pty Ltd,,,
Becton Dickinson Pty Ltd ABN: 82 005 914 796,82005914796.0,,extracted_from_name
Richard Jay (JayChem) Pty Ltd,,,
Stowe Australia Pty Limited,,,
Media Shark,,,
IIMBE Pty Ltd,,,
Clayton Utz,,,
Field Solutions Group Pty Ltd – ABN 62155490074,62155490074.0,,extracted_from_name
Cardinal Health Australia 503 Pty Ltd (previously Medtronic Australasia Pty Ltd),,,
"Institute of Managers and Leaders,",,,
GROUND UP PROJECTS PTY LTD,,,
Strategic View Pty Ltd,,,
Anaeron Pty Ltd,,,
Pace Appointments QLD Pty Ltd,,,
www.kayhan.biz,,,
Evernex Australia Pty Ltd,,,
Aurecon Pty Ltd,,,
Infoview Technologies P,,,
Ravinn Pty Ltd - ABN 14630181832,14630181832.0,,extracted_from_name
ABS Façade QLD Pty Ltd,,,
• Just Gold,,,
I4architecture Pty Ltd,,,
Advanced Driver Training,,,
"Mt Waverley, Vic 3149",,,
Merit Medical Australia Pty Ltd,,,
www.newwavenq.com.au,,,
AMYROX PTY LTD,,,
CSG Enterprise Solutions Pty Ltd,,,
Akela Constructions Pty Ltd,,,
BURDEKIN AIRCONDITIONING AND ELECTRICAL PTY. LTD,,,
ANU Enterprise,,,
Guymer Bailey Architects Pty Ltd,,,
RiverNet Communications Pty Ltd,,,
BPQ ELECTRICAL PTY LTD,,,
CTM (Corporate Travel Management),,,
Elite Executive Pty Ltd,,,
a ManageSoft Corporation Pty Ltd ),,,
Clear Engagement Pty Ltd,,,
Endeavour Foundation,,,
Terumo Australia Pty Ltd,,,
"Practice Five Pty Ltd,",,,
Medical Specialties Australasia Pty Ltd,,,
D&G Solutions Group Pty Ltd,,,
Fujitsu,,,
Sterilizing Equipment Sales & Service,,,
Orion Laboratories T,,,
www.townsvillebuildingservices.com.au,,,
Delta Medical T,,,
Mode Design Corp Pty Ltd,,,
Vanguard Consulting & Services Pty Ltd,,,
a Key-Line Distributors Pty Ltd,,,
The Trustee for THE TALEB FAMILY TRUST T,,,
LCI Consultants Lucid Consulting Australia Modmation Pty Ltd,,,
Briggs Stratton Australia,,,
Mott MacDonald,,,
Abacus Human Capital Pty Ltd ATF Abacus Human Capital Trust,,,
cameron.stanfield@aserve.com.au,,,
Alcorn Security Group (a CyberCX company),,,
W.L.Gore & Associates (Aust) P,,,
MD Peacock Consulting Pty Ltd t,,,
Grevillea Consultants (Five Clyde Pty Ltd as Trustee for Hayes Hegerty Family Trust),,,
a Fleetwood,,,
Refer to the buyer's guide,,,
A WTH Pty Ltd),,,
• Cook Medical Pty Ltd,,,
Complete Office Supplies Pty Ltd (COS),,,
New Word Order,,,
JOHN FRIEND CARPENTRY PTY LTD,,,
Mapien,,,
J. Blackwood & Son Pty Limited,,,
Email: roman@rnlconstructions.com.au,,,
TransGroup Australia Pty Ltd,,,
PAYNTERS Pty Ltd,,,
National Surgical Corporation,,,
Hoyland Medical Pty Ltd,,,
Allstaff Australia Qld Pty Ltd,,,
Geveko Markings Australia Pty Ltd,,,
BJLT Consultancy,,,
Pro Leaders Academy Pty Ltd,,,
GQI Consulting Pty Ltd,,,
"Revolution IT Pty Ltd, ABN 32 107 913 342",32107913342.0,,extracted_from_name
FTI Consulting,,,
Switch I.T. Pty Ltd,,,
Artis Group Pty Ltd,,,
"Vital Leaders,",,,
Johnson & Johnson Medical,,,
Philips Healthcare,,,
Thoroughly Modern Journeys,,,
Square Leg Pty Ltd,,,
Ivoclar Vivadent Pty Ltd,,,
TooEasy Carpentry & Maintenance Pty Ltd,,,
DEERAGUN  QLD  4818,,,
Lateral Project Management Pty Ltd,,,
Aidacare Pty Ltd,,,
Symbio Global Pty Ltd T,,,
ROSANDAL PTY LTD,,,
Digital Xperience Pty Ltd,,,
"Reveur Asia Pacific Pty Ltd,",,,
Kloud Solutions (Qld) Pty Ltd,,,
ZOLL Medical Australia Pty Ltd,,,
"Unit 2, Parkview Business Centre",,,
Nipro Australia Pty Ltd,,,
• Dukehill Healthcare Pty Ltd,,,
Evolve Scientific Recruitment Pty Ltd,,,
EDT Solutions Pty Ltd,,,
Smith and Nephew Pty Ltd,,,
Ojema Group Pty Ltd (Totally Workwear Southeast and Wide Bay),,,
9Points,,,
Teksystems Australia,,,
Time2Talk Leadership Pty Ltd,,,
Rapid Media,,,
andersenIT Pty Ltd,,,
DocuSign Inc,,,
451 Consulting Pty Ltd,,,
eStorm Australia Pty Ltd (First Focus) - www.estorm.com.au,,,
Streem Pty Ltd (Streem),,,
Dentons Australia Limited,,,
Multigate Medical Devices Pty Ltd (M Devices),,,
Idea Science Pty Ltd,,,
Homestyle Bakeries,,,
MU Group Consulting Pty Ltd,,,
SRA Information Technology,,,
• Phillips Communications Group (The Stephanie Phillips Family Trust),,,
Vivace Music,,,
Continuum AI,,,
• Kerr Australia Pty Ltd,,,
"CyberCX Pty Ltd, ABN 90 629 363 328",90629363328.0,,extracted_from_name
L (SJM),,,
Shred-X Pty Ltd,,,
DARNLEY ISLAND QLD 4875,,,
McNab Constuctions Australia Pty Ltd,,,
"TGG,",,,
a Leading Roles,,,
Assa Abloy Entrance Systems Australia Pty Limited,,,
Mondo Ventures,,,
Allegis Global Solutions (Australia) Pty Ltd (previously Talent2),,,
a Paradise PVC Welding Pty Ltd,,,
A.D FRASER BUILDERS PTY LTD,,,
Juvana Pty Ltd The Key-Line Unit Trust T,,,
Publicis Sapient (Formerly Third Horizon Consulting),,,
Skilled Medical Pty Ltd,,,
Precruitment Pty Ltd,,,
Crisis Prevention Institute Inc,,,
Datacom Systems (AU) Pty Ltd (formerly Datacom Systems PL),,,
Arup,,,
Australian Healthcare Associates Pty Ltd,,,
Blackwoods,,,
Johnson & Johnson Medical Pty Ltd,,,
Vitalis Solutions Pty Ltd,,,
Higgins Coatings Pty Ltd,,,
Diversus Pty Ltd ATF,,,
Arq Group Pty Ltd,,,
a Pegasus Healthcare,,,
- Distributor DHL Supply Chain),,,
Public Sector People,,,
Flick Anticimex Pty Ltd,,,
DIVERSIFIELD BUILDING SERVICES (QLD) PTY LTD,,,
RON MAHER FLOORING AND FURNITURE PTY LTD,,,
IT ALLIANCE AUSTRALIA PTY LTD,,,
• ARTD (ARTD Consultants),,,
Eden Ritchie Recruitment Pty Ltd,,,
a Ennis Flint,,,
Wave 1,,,
• Carl Zeiss Pty Ltd,,,
Rose Litigation Lawyers Brisbane,,,
Intalock Technologies Pty Ltd,,,
McGees Property,,,
Parvenu Architectural,,,
Transport Management Consulting Pty Ltd,,,
1. eStorm Australia Pty Ltd (First Focus);,,,
Edison Talent Pty Ltd,,,
Capgemini,,,
Origin Energy Electricity Limited,,,
Embedded Search & Selection Pty Ltd,,,
Capstone Recruitment Qld Pty Ltd,,,
Strategic Architects Pty Ltd,,,
Paragon Care Group Australia Pty Ltd trading as REM Systems,,,
a Alcidion),,,
Auscon Building Pty Ltd,,,
CONTACT: Wayne Thompson,,,
CPT Global Limited,,,
• Rocket Medical Pty Ltd,,,
Management Options Pty Ltd,,,
GO1 Pty Ltd,,,
Captivations Teamwear (Red Oak Teamwear),,,
APS Medical,,,
Hunter Promotional Products Pty Ltd,,,
KordaMentha,,,
Kevin Reason Civil Consulting Pty Ltd,,,
Baulkham Hills  NSW  2153,,,
Mitbrand QLD Pty Ltd,,,
4impact Pty Ltd,,,
Skillgate Learning Centres,,,
Siemens Healthcare Pty Ltd,,,
Playmakers Pty Ltd t,,,
Faction Consulting Pty Ltd,,,
• Ainsworth Dental Company,,,
Exent Pty Ltd,,,
Project Partners Corporation Pty Ltd,,,
Lynkz Pty Ltd,,,
MOQDigital Pty Ltd - ABN 43112930515,43112930515.0,,extracted_from_name
Aginic Holdings Pty Ltd,,,
Beaconfield Partners - ABN 85620806822,85620806822.0,,extracted_from_name
Koya Training Services,,,
Mcarthur (QLD) Pty Ltd,,,
Project Health Insight Pty Ltd,,,
• Hall & Partners,,,
BARTLEM CONSTRUCTION SERVICES PTY LTD,,,
"Unit 7, 87 Webster Road",,,
Virtech.com.au Pty Ltd,,,
ABN: 91 086 214 128,91086214128.0,,extracted_from_name
Me2 Accessibility,,,
"Communication Design & Management Pty Ltd (CDM), ABN: 15 053 788 720, Level 2, 62 Astor Terrace, Spring Hill Qld 4000, Contact: 	Mark Gordon, Ph: (07) 3246 0000, Mob: 0459 940 446, Email: mgordon@cdm.com.au, orders@cdm.com.au",15053788720.0,,extracted_from_name
Dirtscape Outdoor Developments,,,
Carfax Commercial Constructions Pty Ltd,,,
SMEx Digital,,,
AccessHQ,,,
Animato Strings,,,
XAM Consulting Pty Ltd,,,
WACUSE PTY LTD,,,
Johnstaff Projects QLD,,,
RSEA Pty Ltd (RSEA Safety),,,
OnTalent Pty Ltd,,,
Toll Transport Pty Ltd (Toll IPEC),,,
Contact: Geoff Onus,,,
www.engagehub.com,,,
BRITESPARK ENERGY SOLUTIONS PTY LTD,,,
Trisco Foods Pty Ltd (distributed by Clifford Hallam Healthcare),,,
PAINTING BY RAZIM PTY LTD,,,
"Ron Mack Machinery, ABN: 74 629 282 640, 8 Hector Street West, Osborne Park, WA 6017, Contact: David Sharp, Phone: 0439 901 646, Email: david@ronmack.com.au, 	Machinery Category: Part A and Part B",74629282640.0,,extracted_from_name
Coach Pty Ltd,,,
TCL PROJECTS PTY LTD,,,
Bush Clinicians Group Pty Ltd Company (Ochre Sun),,,
"The Performance Curve,",,,
alphaXRT Limited,,,
AKKODIS Australia Talent Pty Ltd,,,
People Solutions Now Pty Ltd,,,
WD Building Design Pty Ltd,,,
a De Neefe Signs,,,
Reef City Construction Pty Ltd t,,,
Certitude Australia Pty Ltd,,,
Your Doctor Jobs Pty Ltd,,,
• W9 Pty Ltd,,,
GoTech Solutions Pty Ltd (t,,,
Strategic Environmental & Engineering Consulting (SEEC) Pty Ltd,,,
Dickerson Digital Pty Ltd,,,
Case Meallin (Qld) Pty Ltd,,,
• Liberty Medical P,,,
Johnstaff Advisory Pty Ltd,,,
Voronoi Pty Ltd,,,
www.betabuild.com.au,,,
VoIP Pty Ltd,,,
Email: scott.gray@hutchinsonbuilders.com.au,,,
Quadric Pty Ltd,,,
BJE Projects,,,
Reddog Architects Pty Ltd,,,
CyberCX Pty Ltd,,,
Fleetwood Vic & Qld Pty Ltd,,,
Loop Secure (formerly Loop Technology),,,
ROSS GREENWOOD ELECTRICAL PTY LTD,,,
Australian Council for Educational Research Limited,,,
BG&E Pty Limited,,,
NRG Electrical (Qld) Pty Ltd,,,
Oasis Landscaping Pty Ltd,,,
• CHEP Network (previously Clemenger BBDO),,,
"CV Services, ABN: 65 126 181 404, 148 Hedley Avenue, Hendra Qld 4011, Contact: Lisa Sweetman, Ph: (07) 3613 5000 Mob: 0412 163 513, Email: dete@cvservices.com.au, lisa.sweetman@cvservices.com.au",65126181404.0,,extracted_from_name
Terri Janke and Company,,,
"OPEC College,",,,
Email:  csteindl@higgins.com.au,,,
DORMAKABA AUSTRALIA PTY LTD,,,
a BAS Tech.),,,
Egis Oceania Pty Ltd (previously Indec Consulting),,,
Trio Automotive Group Queensland Pty Ltd,,,
Sagacity Consulting,,,
Business Analysts Pty Ltd,,,
Clarity Business and IT Solutions Pty Ltd,,,
A C JONES BUILDERS PTY LTD,,,
Articulous Pty Ltd,,,
CyberGym Global Pty Ltd,,,
ESW Constructions Pty Ltd,,,
Entrago Pty Ltd,,,
"Proteus Leadership,",,,
"Strategic Momentum Group,",,,
Rider Levett Bucknall,,,
Deloitte Touche Tohmatsu,,,
Allegis Group Australia Pty Ltd (t,,,
PLUS Architecture Brisbane Pty Ltd,,,
Professional Development Pty Ltd (PDT Unit Trust as trust),,,
Tri Underground Australia Pty Ltd,,,
• BCM Group (Australia) Pty Ltd,,,
A Stringybark Consulting,,,
Corin Australia Pty Ltd,,,
Armstrong & Co Architects Pty Ltd,,,
Iocane QLD Pty Ltd,,,
GHD Pty Ltd,,,
Barry Nilsson,,,
Australian Driving Institute,,,
a Rosella Trust,,,
Plan B Consulting (AUS),,,
• Enable Health Strategies (Enable Health Consulting),,,
POD (People Oriented Design),,,
Bespoke Playgrounds Pty Ltd,,,
Codice,,,
a Play Poles Pty Ltd,,,
www.quadric.com.au,,,
Emanate Technology QLD Pty Ltd,,,
Altis Consulting Pty Ltd,,,
Big Green Surgical Pty Ltd,,,
Edmonds Facilitation,,,
Online Fire & Security Pty Ltd,,,
iSeek,,,
Arkhefield Pty Ltd,,,
Yurika Telecoms (formerly Ergon Energy Telecommunications Pty Ltd T,,,
REACTIVE GENERATORS PTY LTD,,,
Officeworks,,,
a East Coast HR Group,,,
a Oreta),,,
Telefonix Technology Group Pty Ltd T,,,
CK Surgitech Pty Ltd,,,
Illume Group,,,
Fax: (07) 3899 1260,,,
Purnell Family Trust & The Wayne Magnussen Family Trust,,,
PO Box 699,,,
Campfire Digital Services,,,
Infopeople Pty Ltd,,,
InterOperability Health (Australia) Pty Ltd,,,
Omega Medical Pty Ltd,,,
- Smith & Nephew Pty Ltd,,,
KLS Martin Australia Pty Ltd,,,
Crayon Australia Pty Ltd,,,
Grace Records Management (Australia) Pty Ltd,,,
www.higgins.com.au,,,
Conmed Linvatec Australia Pty Ltd,,,
PATRONI ENTERPRISES PTY LTD,,,
Iocane QLD Pty Ltd - ABN 89633361403,89633361403.0,,extracted_from_name
The Trustee for the Pollocksford Business Trust trading as Mamco Coding and Auditing Specialists,,,
• The Lab Insight and Strategy,,,
NATHAN & CARLY KOSTER,,,
Caliba Group,,,
Australian Spatial Analytics,,,
a Forpark Australia,,,
JGP ELECTRICAL CQ PTY LTD,,,
PERSOLKELLY Australia Pty Ltd,,,
LOFTUS CONTRACTING PTY LTD,,,
Contact: Patrick Byrne,,,
ABN: 41 010 637 279,41010637279.0,,extracted_from_name
Impact Office Supplies,,,
ConvaTec (Australia) Pty Ltd,,,
Wymedical Pty Ltd,,,
The Missing Link Security Pty Ltd - ABN 90164772427,90164772427.0,,extracted_from_name
RIVIRhouse Pty Ltd,,,
Telstra Corporation Limited – ABN 33051775556,33051775556.0,,extracted_from_name
PO Box 3214,,,
Deloitte Touche Tohmatsu (Partnership),,,
Email: contracts@kookaburra.com.au,,,
Empired Limited (formerly OBS Pty Ltd),,,
Pac Fire Australia Pty Ltd,,,
Acumenti Pty Ltd,,,
